-- MariaDB dump 10.19-11.4.2-MariaDB, for Win64 (AMD64)
--
-- Host: localhost    Database: rei
-- ------------------------------------------------------
-- Server version	11.4.2-MariaDB

/*!40101 SET @OLD_CHARACTER_SET_CLIENT=@@CHARACTER_SET_CLIENT */;
/*!40101 SET @OLD_CHARACTER_SET_RESULTS=@@CHARACTER_SET_RESULTS */;
/*!40101 SET @OLD_COLLATION_CONNECTION=@@COLLATION_CONNECTION */;
/*!40101 SET NAMES utf8mb4 */;
/*!40103 SET @OLD_TIME_ZONE=@@TIME_ZONE */;
/*!40103 SET TIME_ZONE='+00:00' */;
/*!40014 SET @OLD_UNIQUE_CHECKS=@@UNIQUE_CHECKS, UNIQUE_CHECKS=0 */;
/*!40014 SET @OLD_FOREIGN_KEY_CHECKS=@@FOREIGN_KEY_CHECKS, FOREIGN_KEY_CHECKS=0 */;
/*!40101 SET @OLD_SQL_MODE=@@SQL_MODE, SQL_MODE='NO_AUTO_VALUE_ON_ZERO' */;
/*M!100616 SET @OLD_NOTE_VERBOSITY=@@NOTE_VERBOSITY, NOTE_VERBOSITY=0 */;

--
-- Table structure for table `orden_foto`
--

DROP TABLE IF EXISTS `orden_foto`;
/*!40101 SET @saved_cs_client     = @@character_set_client */;
/*!40101 SET character_set_client = utf8 */;
CREATE TABLE `orden_foto` (
  `ID` int(10) unsigned NOT NULL AUTO_INCREMENT,
  `ID_Orden` int(10) unsigned NOT NULL,
  `Directorio` varchar(255) NOT NULL,
  PRIMARY KEY (`ID`),
  KEY `ID_Orden` (`ID_Orden`),
  CONSTRAINT `orden_foto_ibfk_1` FOREIGN KEY (`ID_Orden`) REFERENCES `orden_productos` (`ID`)
) ENGINE=InnoDB AUTO_INCREMENT=32 DEFAULT CHARSET=latin1 COLLATE=latin1_swedish_ci;
/*!40101 SET character_set_client = @saved_cs_client */;

--
-- Dumping data for table `orden_foto`
--

LOCK TABLES `orden_foto` WRITE;
/*!40000 ALTER TABLE `orden_foto` DISABLE KEYS */;
INSERT INTO `orden_foto` VALUES
(1,17,'order_photos/17_1720403659812290701333782723855.jpg'),
(2,17,'order_photos/17_17204036772296514146438856817201.jpg'),
(3,22,'order_photos/22_IMG-20240628-WA0013.jpg'),
(4,20,'order_photos/20_IMG-20240628-WA0011.jpg'),
(5,25,'order_photos/25_17205506226448736002695234040425.jpg'),
(6,25,'order_photos/25_17205506729784578525662627568327.jpg'),
(7,25,'order_photos/25_IMG_20240709_130508.jpg'),
(9,25,'order_photos/25_IMG_20240709_131022.jpg'),
(10,25,'order_photos/25_IMG_20240709_132640.jpg'),
(14,26,'order_photos/26_IMG_20240710_114022.jpg'),
(15,26,'order_photos/26_IMG_20240710_114015.jpg'),
(16,27,'order_photos/27_IMG_20240710_175737.jpg'),
(17,28,'order_photos/28_17216789774138151963269128560642.jpg'),
(18,28,'order_photos/28_1721679030660876380674036911962.jpg'),
(23,30,'order_photos/30_IMG-20240803-WA0000.jpeg'),
(24,30,'order_photos/30_IMG-20240803-WA0001.jpeg'),
(25,31,'order_photos/31_IMG_20240803_114010.jpg'),
(26,31,'order_photos/31_IMG_20240803_114759.jpg'),
(27,32,'order_photos/32_IMG-20240803-WA0004.jpeg'),
(28,35,'order_photos/35_IMG_20240803_142518.jpg'),
(29,35,'order_photos/35_IMG_20240803_142513.jpg'),
(30,35,'order_photos/35_IMG_20240803_142518.jpg'),
(31,35,'order_photos/35_IMG_20240803_142513.jpg');
/*!40000 ALTER TABLE `orden_foto` ENABLE KEYS */;
UNLOCK TABLES;

--
-- Table structure for table `orden_productos`
--

DROP TABLE IF EXISTS `orden_productos`;
/*!40101 SET @saved_cs_client     = @@character_set_client */;
/*!40101 SET character_set_client = utf8 */;
CREATE TABLE `orden_productos` (
  `ID` int(10) unsigned NOT NULL AUTO_INCREMENT,
  `Nombre` varchar(255) NOT NULL,
  `Fecha_Emision` timestamp NULL DEFAULT current_timestamp(),
  `Fecha_Entrega` timestamp NULL DEFAULT NULL,
  `Servicio` text NOT NULL,
  `Notas` text DEFAULT NULL,
  `Costo` float(10,2) NOT NULL,
  `Estatus` enum('Cancelado','Pendiente','Entregado') NOT NULL DEFAULT 'Pendiente',
  `Inversion` float(10,2) NOT NULL DEFAULT 0.00,
  PRIMARY KEY (`ID`)
) ENGINE=InnoDB AUTO_INCREMENT=36 DEFAULT CHARSET=latin1 COLLATE=latin1_swedish_ci;
/*!40101 SET character_set_client = @saved_cs_client */;

--
-- Dumping data for table `orden_productos`
--

LOCK TABLES `orden_productos` WRITE;
/*!40000 ALTER TABLE `orden_productos` DISABLE KEYS */;
INSERT INTO `orden_productos` VALUES
(8,'Jose Luis','2024-06-10 01:07:54',NULL,'Cambio de Display','Motorola E7 (con posibilidad de E7 Plus)',550.00,'Entregado',150.00),
(9,'N/A','2024-06-10 17:15:47',NULL,'Display','Moto G42 (puede ser G82)',900.00,'Entregado',440.00),
(10,'Jose Manuel','2024-06-13 19:21:36',NULL,'Cambio de centro de carga','LG Stylus Alpha, n├║mero de contacto: 3342025431',250.00,'Entregado',120.00),
(11,'Alba├▒il','2024-06-13 22:43:41',NULL,'Limpieza','Samsung A10 (la bocina dejaba de funcionar)',100.00,'Entregado',0.00),
(12,'Don del Bar','2024-06-14 00:49:40',NULL,'Cambio de display','Moto G22',550.00,'Entregado',170.00),
(13,'Don del Bar','2024-06-14 00:49:57',NULL,'Cambio de display ','ZTE A71',550.00,'Entregado',175.00),
(14,'Don del Bar','2024-06-14 00:50:34',NULL,'Cambio de display','ZTE V10 Vita (se regres├│ como estaba, la tarjeta ten├¡a corto)',0.00,'Entregado',0.00),
(15,'Jose Manuel','2024-06-14 19:02:15',NULL,'Centro de carga ','Xperia (el micr├│fono no funciona)',330.00,'Entregado',0.00),
(16,'Leonardo','2024-06-18 00:02:08',NULL,'Cambio de centro de carga','Si se cambi├│ el centro de carga (bater├¡a inflada)',200.00,'Entregado',10.00),
(17,'Martin Rodriguez Lemos','2024-06-26 18:14:39',NULL,'Display y Centro de Carga','Moto G8 Power Lite (aplastado, no carga, qued├│ en venir hasta el 15 de Julio)',850.00,'Pendiente',0.00),
(18,'Don del Bar','2024-06-28 00:08:18',NULL,'Cambio de Display ','Moto E22',600.00,'Entregado',200.00),
(19,'Don del Bar','2024-06-28 00:10:28',NULL,'Desbloqueo (restaurar de fabrica)','POCO M5S, no ten├¡a cuenta google.',200.00,'Entregado',0.00),
(20,'Emanuel Barajas','2024-06-28 16:19:42',NULL,'Micr├│fono','Moto Ei7 Power - 3332376537',300.00,'Entregado',90.00),
(21,'Javier ','2024-06-28 17:33:17',NULL,'Cambio de centro de carga ','Moto G41',250.00,'Entregado',100.00),
(22,'Monico','2024-06-28 20:45:28',NULL,'Desbloqueo','Oppo A38 - 3313596890',250.00,'Entregado',50.00),
(23,'Monse','2024-07-06 01:10:13',NULL,'Cambio de display ','Oppo A53 ',600.00,'Entregado',185.00),
(24,'Carnicer├¡a ','2024-07-06 01:11:07',NULL,'Cambio de display incell','iPhone X ',650.00,'Entregado',230.00),
(25,'N/A','2024-07-09 18:43:38','2024-07-10 04:30:37','Limpieza','Huawei Y9 Prime, se le cay├│ el refresco y la pantalla tiene humedad',80.00,'Entregado',0.00),
(26,'Francisco','2024-07-10 17:13:02','2024-07-10 20:35:15','Desbloqueo','Moto E13, solo fue reinicio de fabrica, se sab├¡a su cuenta google.',150.00,'Entregado',0.00),
(27,'Marisol','2024-07-10 23:57:06','2024-07-16 06:26:43','Posible centro de carga y bocina','Moto E6s, no carga y no se escucha, la bocina si serv├¡a, solo se cambi├│ el cc.',180.00,'Entregado',0.00),
(28,'Gerardo ','2024-07-22 20:09:30','2024-07-27 00:24:11','Display y CC','Samsung A14, se necesita cc y el cambio de display ',900.00,'Entregado',250.00),
(30,'Lety ','2024-08-03 19:30:15','2024-08-03 19:33:51','Cambio de boton','Solamente se de adapto un bot├│n de encendido',60.00,'Entregado',0.00),
(31,'Lety','2024-08-03 19:31:50','2024-08-03 19:35:14','Limpieza','Reno 7, se les cay├│ al agua (al final la pantalla no sirvi├│)',90.00,'Entregado',0.00),
(32,'Bety','2024-08-03 19:32:48','2024-08-03 19:35:58','Revisi├│n ','iPad, no cargaba, al final solamente fue el cable',170.00,'Entregado',0.00),
(33,'Marisol ','2024-08-03 19:33:12',NULL,'Traspaso de datos ','Son dos celulares.',100.00,'Pendiente',0.00),
(34,'Taxista XD','2024-08-03 19:42:15','2024-08-03 19:42:41','Cambio de display','Oppo A16',650.00,'Entregado',250.00),
(35,'N/A','2024-08-03 20:14:28',NULL,'Cambio de display','Huawei Nova Y70',700.00,'Pendiente',200.00);
/*!40000 ALTER TABLE `orden_productos` ENABLE KEYS */;
UNLOCK TABLES;

--
-- Table structure for table `producto`
--

DROP TABLE IF EXISTS `producto`;
/*!40101 SET @saved_cs_client     = @@character_set_client */;
/*!40101 SET character_set_client = utf8 */;
CREATE TABLE `producto` (
  `ID` int(10) unsigned NOT NULL AUTO_INCREMENT,
  `Nombre` varchar(255) NOT NULL,
  `Proveedor` varchar(255) NOT NULL,
  `Precio` float(10,2) NOT NULL,
  PRIMARY KEY (`ID`)
) ENGINE=InnoDB AUTO_INCREMENT=2236 DEFAULT CHARSET=latin1 COLLATE=latin1_swedish_ci;
/*!40101 SET character_set_client = @saved_cs_client */;

--
-- Dumping data for table `producto`
--

LOCK TABLES `producto` WRITE;
/*!40000 ALTER TABLE `producto` DISABLE KEYS */;
INSERT INTO `producto` VALUES
(1124,'ALCATEL 1B 2020 5002 IPS ORIGINAL*','AT_HOME',209.98),
(1125,'ALCATEL 1V 2020 5007 / 1S 2020 5028 / 5029 3L 2020 IPS ORIGINAL*','AT_HOME',219.98),
(1126,'ALCATEL 5006 3C 2019 IPS ORIGINAL','AT_HOME',349.98),
(1127,'ALCATEL 5024 1S 2019 IPS ORIGINAL','AT_HOME',209.98),
(1128,'ALCATEL 5030 1 SE 2020 IPS ORIGINAL*','AT_HOME',209.98),
(1129,'ALCATEL 5048 3X 2019 IPS ORIGINAL*','AT_HOME',209.98),
(1130,'COMPLETO IPAD 9.7 PRO ┬┐?','AT_HOME',1669.98),
(1131,'COMPLETO IPAD AIR 3 ┬┐?','AT_HOME',1669.98),
(1132,'GOOGLE PIXEL 6 ORIGINAL ┬┐?','AT_HOME',3179.98),
(1133,'GOOGLE PIXEL 6A ┬┐?','AT_HOME',1779.98),
(1134,'GOOGLE PIXEL 7 ORIGINAL ┬┐?','AT_HOME',3009.98),
(1135,'GOOGLE PIXEL 7 PRO ORIGINAL ┬┐?','AT_HOME',4299.98),
(1136,'HISENSE E20 IPS ORIGINAL','AT_HOME',229.98),
(1137,'HISENSE E30 IPS ORIGINAL*','AT_HOME',189.98),
(1138,'HISENSE E50 LITE IPS ORIGINAL','AT_HOME',189.98),
(1139,'HISENSE E50I / V40I IPS ORIGINAL','AT_HOME',249.98),
(1140,'HISENSE E60 IPS ORIGINAL','AT_HOME',319.98),
(1141,'HISENSE E60 LITE IPS ORIGINAL','AT_HOME',189.98),
(1142,'HISENSE H30 IPS ORIGINAL*','AT_HOME',359.98),
(1143,'HISENSE H30 LITE / F19 IPS ORIGINAL','AT_HOME',189.98),
(1144,'HISENSE H40 IPS ORIGINAL*','AT_HOME',279.98),
(1145,'HISENSE H40 LITE IPS ORIGINAL*','AT_HOME',189.98),
(1146,'HISENSE V40 / E40 IPS ORIGINAL','AT_HOME',189.98),
(1147,'HISENSE V40S IPS ORIGINAL*','AT_HOME',179.98),
(1148,'HISENSE V50 / E50 / H50 LITE IPS ORIGINAL','AT_HOME',229.98),
(1149,'HUAWEI ENJOY 20 5G / NOVA Y60 IPS ORIGINAL','AT_HOME',209.98),
(1150,'HUAWEI HONOR 10 LITE IPS ORIGINAL*','AT_HOME',219.98),
(1151,'HUAWEI HONOR 50 5G / NOVA 9 ORIGINAL','AT_HOME',759.98),
(1152,'HUAWEI HONOR 70 ORIGINAL','AT_HOME',749.98),
(1153,'HUAWEI HONOR 8X IPS ORIGINAL*','AT_HOME',219.98),
(1154,'HUAWEI HONOR 9A / Y6P IPS ORIGINAL','AT_HOME',189.98),
(1155,'HUAWEI HONOR 9X LITE IPS ORIGINAL','AT_HOME',209.98),
(1156,'HUAWEI HONOR MAGIC 6 LITE ORIGINAL','AT_HOME',1349.98),
(1157,'HUAWEI HONOR X5 IPS ORIGINAL','AT_HOME',199.98),
(1158,'HUAWEI HONOR X5 PLUS / HONOR X6A (=) / HONOR X6A PLUS (=) IPS','AT_HOME',209.98),
(1159,'HUAWEI HONOR X6 / HONOR X6S / HONOR X8A 5G (=) IPS ORIGINAL','AT_HOME',189.98),
(1160,'HUAWEI HONOR X7 IPS ORIGINAL','AT_HOME',179.98),
(1161,'HUAWEI HONOR X7A (BTB34) IPS ORIGINAL','AT_HOME',189.98),
(1162,'HUAWEI HONOR X7B (CLK-B) IPS ORIGINAL','AT_HOME',469.98),
(1163,'HUAWEI HONOR X8 4G IPS ORIGINAL','AT_HOME',279.98),
(1164,'HUAWEI HONOR X8A / HONOR 90 LITE IPS','AT_HOME',319.98),
(1165,'HUAWEI HONOR X8B OLED','AT_HOME',1049.98),
(1166,'HUAWEI HONOR X9 IPS ORIGINAL','AT_HOME',319.98),
(1167,'HUAWEI MAGIC 5 LITE ORIGINAL','AT_HOME',689.98),
(1168,'HUAWEI MATE 20 LITE / NOVA 3 IPS ORIGINAL','AT_HOME',209.98),
(1169,'HUAWEI MATE 30 PRO ┬┐?','AT_HOME',4529.98),
(1170,'HUAWEI MATE 40 PRO ORIGINAL ┬┐?','AT_HOME',2859.98),
(1171,'HUAWEI MATE 50 PRO ┬┐?','AT_HOME',4679.98),
(1172,'HUAWEI NOVA 10 OLED ORIGINAL','AT_HOME',679.98),
(1173,'HUAWEI NOVA 10 SE ORIGINAL','AT_HOME',999.98),
(1174,'HUAWEI NOVA 11I IPS','AT_HOME',279.98),
(1175,'HUAWEI NOVA 5T / HONOR 20 IPS ORIGINAL','AT_HOME',239.98),
(1176,'HUAWEI NOVA 8 ORIGINAL','AT_HOME',799.98),
(1177,'HUAWEI NOVA 8I / HONOR 50 LITE IPS ORIGINAL','AT_HOME',329.98),
(1178,'HUAWEI NOVA 9 SE / HONOR 50 SE IPS ORIGINAL','AT_HOME',299.98),
(1179,'HUAWEI NOVA Y61 IPS ORIGINAL','AT_HOME',199.98),
(1180,'HUAWEI NOVA Y70 IPS ORIGINAL','AT_HOME',179.98),
(1181,'HUAWEI NOVA Y90 IPS ORIGINAL','AT_HOME',319.98),
(1182,'HUAWEI NOVA Y91 IPS ORIGINAL','AT_HOME',409.98),
(1183,'HUAWEI P SMART 2019 IPS ORIGINAL','AT_HOME',199.98),
(1184,'HUAWEI P SMART 2021 / Y7A (VERSION A1) / HONOR 10X LITE IPS ORIGINAL','AT_HOME',189.98),
(1185,'HUAWEI P20 LITE IPS ORIGINAL*','AT_HOME',209.98),
(1186,'HUAWEI P20 PRO IPS*','AT_HOME',319.98),
(1187,'HUAWEI P30 LITE (VERSION B) IPS ORIGINAL','AT_HOME',239.98),
(1188,'HUAWEI P30 LITE (VERSION T) IPS ORIGINAL','AT_HOME',219.98),
(1189,'HUAWEI P30 OLED','AT_HOME',679.98),
(1190,'HUAWEI P30 PRO OLED ORIGINAL','AT_HOME',1189.98),
(1191,'HUAWEI P30 TFT SIN HUELLA','AT_HOME',319.98),
(1192,'HUAWEI P40 LITE (VERSION 14-01) IPS ORIGINAL','AT_HOME',209.98),
(1193,'HUAWEI P40 LITE (VERSION 15-01) IPS ORIGINAL','AT_HOME',289.98),
(1194,'HUAWEI P40 OLED','AT_HOME',1999.98),
(1195,'HUAWEI P40 PRO OLED','AT_HOME',4239.98),
(1196,'HUAWEI TAB MATEPAD 10.4 (BAH3-W59)','AT_HOME',889.98),
(1197,'HUAWEI TAB MATEPAD SE (AGS5-W09)','AT_HOME',859.98),
(1198,'HUAWEI TAB MATEPAD T10 (AGRK-W09)','AT_HOME',629.98),
(1199,'HUAWEI TAB MATEPAD T10S (AGS3-W09)','AT_HOME',759.98),
(1200,'HUAWEI TAB MATEPAD T8 NEGRO','AT_HOME',439.98),
(1201,'HUAWEI TAB MEDIAPAD 10.4 (BAH4-W09)','AT_HOME',889.98),
(1202,'HUAWEI TAB MEDIAPAD M5 LITE 10.1 LTE','AT_HOME',759.98),
(1203,'HUAWEI TAB MEDIAPAD T3 10 (AGS-L09 / AGS-W09)','AT_HOME',659.98),
(1204,'HUAWEI TAB MEDIAPAD T3 7.0 3G','AT_HOME',409.98),
(1205,'HUAWEI TAB MEDIAPAD T3 7.0 WIFI (BG2-W09)','AT_HOME',409.98),
(1206,'HUAWEI TAB MEDIAPAD T3 8.0','AT_HOME',509.98),
(1207,'HUAWEI TAB MEDIAPAD T5 (VERSION WIFI)','AT_HOME',679.98),
(1208,'HUAWEI Y5 2019 / Y5 NEO 2019 / HONOR 8S IPS ORIGINAL','AT_HOME',149.98),
(1209,'HUAWEI Y5P / HONOR 9S IPS ORIGINAL','AT_HOME',139.98),
(1210,'HUAWEI Y6 2019 / Y6S / HONOR 8A IPS ORIGINAL','AT_HOME',149.98),
(1211,'HUAWEI Y7 2019 / Y7 PRO 2019 / Y7 PRIME 2019 IPS ORIGINAL','AT_HOME',159.98),
(1212,'HUAWEI Y7P IPS ORIGINAL','AT_HOME',179.98),
(1213,'HUAWEI Y9 2019 / Y8S IPS ORIGINAL','AT_HOME',219.98),
(1214,'HUAWEI Y9 PRIME 2019 / Y9S / HONOR 9X / P SMART Z / P SMART PRO 2019 IPS O','AT_HOME',209.98),
(1215,'HUAWEI Y9A / HONOR X10 (FHD-T-T) IPS ORIGINAL','AT_HOME',239.98),
(1216,'IPHONE 11 INCELL','AT_HOME',389.98),
(1217,'IPHONE 11 ORIGINAL','AT_HOME',439.98),
(1218,'IPHONE 11 PRO GX OLED','AT_HOME',759.98),
(1219,'IPHONE 11 PRO MAX INCELL','AT_HOME',469.98),
(1220,'IPHONE 11 PRO MAX ORIGINAL','AT_HOME',1529.98),
(1221,'IPHONE 11 PRO OLED','AT_HOME',699.98),
(1222,'IPHONE 11 PRO ORIGINAL','AT_HOME',1339.98),
(1223,'IPHONE 12 / 12 PRO INCELL','AT_HOME',529.98),
(1224,'IPHONE 12 / 12 PRO OLED','AT_HOME',879.98),
(1225,'IPHONE 12 MINI OLED','AT_HOME',1169.98),
(1226,'IPHONE 12 MINI ORIGINAL','AT_HOME',1809.98),
(1227,'IPHONE 12 MINI RJ INCELL','AT_HOME',909.98),
(1228,'IPHONE 12 PRO MAX INCELL','AT_HOME',809.98),
(1229,'IPHONE 12 PRO MAX OLED','AT_HOME',1309.98),
(1230,'IPHONE 13 GX OLED','AT_HOME',1599.98),
(1231,'IPHONE 13 MINI INCELL','AT_HOME',839.98),
(1232,'IPHONE 13 OLED','AT_HOME',1189.98),
(1233,'IPHONE 13 PRO MAX ORIGINAL','AT_HOME',8109.98),
(1234,'IPHONE 13 PRO ORIGINAL','AT_HOME',7159.98),
(1235,'IPHONE 14 ORIGINAL','AT_HOME',1909.98),
(1236,'IPHONE 14 PLUS INCELL','AT_HOME',949.98),
(1237,'IPHONE 14 PLUS ORIGINAL','AT_HOME',3009.98),
(1238,'IPHONE 14 PRO MAX ORIGINAL','AT_HOME',4819.98),
(1239,'IPHONE 14 PRO ORIGINAL','AT_HOME',8589.98),
(1240,'IPHONE 15 INCELL','AT_HOME',2389.98),
(1241,'IPHONE 15 OLED','AT_HOME',3049.98),
(1242,'IPHONE 15 PLUS INCELL','AT_HOME',2579.98),
(1243,'IPHONE 15 PLUS OLED','AT_HOME',3719.98),
(1244,'IPHONE 8 / SE 2020 BLANCO*','AT_HOME',169.98),
(1245,'IPHONE 8 / SE 2020 NEGRO*','AT_HOME',169.98),
(1246,'IPHONE 8 PLUS BLANCO*','AT_HOME',199.98),
(1247,'IPHONE 8 PLUS NEGRO*','AT_HOME',199.98),
(1248,'IPHONE SE 2022 RETINA','AT_HOME',169.98),
(1249,'IPHONE X INCELL*','AT_HOME',359.98),
(1250,'IPHONE X OLED','AT_HOME',559.98),
(1251,'IPHONE X OLED GX','AT_HOME',649.98),
(1252,'IPHONE XR (RETINA)','AT_HOME',389.98),
(1253,'IWATCH 1RA GENERACION 38MM*','AT_HOME',379.98),
(1254,'IWATCH 1RA GENERACION 42MM*','AT_HOME',439.98),
(1255,'IWATCH 2DA GENERACION 38 MM*','AT_HOME',759.98),
(1256,'IWATCH 2DA GENERACION 42 MM*','AT_HOME',949.98),
(1257,'IWATCH 3RA GENERACION 38MM*','AT_HOME',839.98),
(1258,'IWATCH 3RA GENERACION 42 MM*','AT_HOME',1239.98),
(1259,'IWATCH 4TA GENERACION 40MM ┬┐?','AT_HOME',1299.98),
(1260,'IWATCH 4TA GENERACION 44MM ┬┐?','AT_HOME',1779.98),
(1261,'IWATCH 5TA GENERACION 40 MM ┬┐?','AT_HOME',1649.98),
(1262,'IWATCH 5TA GENERACION 44 MM ┬┐?','AT_HOME',2429.98),
(1263,'IWATCH 6TA GENERACION 40 MM*','AT_HOME',1159.98),
(1264,'IWATCH SE 40 MM*','AT_HOME',1649.98),
(1265,'LENOVO TAB 2 A7-30GC','AT_HOME',299.98),
(1266,'LENOVO TAB M7 (TB-7305)','AT_HOME',269.98),
(1267,'LENOVO TAB M8 (TB-8505)','AT_HOME',289.98),
(1268,'LG K22 / K22 PLUS IPS ORIGINAL*','AT_HOME',199.98),
(1269,'LG K40S IPS ORIGINAL*','AT_HOME',179.98),
(1270,'LG K41S IPS ORIGINAL*','AT_HOME',199.98),
(1271,'LG K42 / K52 / K62 IPS ORIGINAL*','AT_HOME',209.98),
(1272,'LG K51 / K50S IPS ORIGINAL*','AT_HOME',209.98),
(1273,'LG K51S IPS ORIGINAL*','AT_HOME',209.98),
(1274,'LG K61 IPS ORIGINAL*','AT_HOME',229.98),
(1275,'LG STYLO 6 / K71 IPS ORIGINAL*','AT_HOME',579.98),
(1276,'MOTO E 2020 IPS ORIGINAL*','AT_HOME',209.98),
(1277,'MOTO E13 IPS ORIGINAL','AT_HOME',179.98),
(1278,'MOTO E20 (U4/U3) IPS ORIGINAL','AT_HOME',189.98),
(1279,'MOTO E22 / E22I IPS ORIGINAL','AT_HOME',179.98),
(1280,'MOTO E32 / E32S IPS ORIGINAL','AT_HOME',189.98),
(1281,'MOTO E40 / E30 IPS ORIGINAL','AT_HOME',189.98),
(1282,'MOTO E6 PLAY IPS ORIGINAL*','AT_HOME',169.98),
(1283,'MOTO E6 PLUS IPS ORIGINAL*','AT_HOME',169.98),
(1284,'MOTO E6S 2020 / E6I (VERSION V0.1 - V0.3) IPS ORIGINAL*','AT_HOME',179.98),
(1285,'MOTO E7 / E7I POWER / E7 POWER IPS ORIGINAL','AT_HOME',179.98),
(1286,'MOTO EDGE / EDGE PLUS OLED ORIGINAL','AT_HOME',1589.98),
(1287,'MOTO EDGE 20 LITE ORIGINAL','AT_HOME',959.98),
(1288,'MOTO EDGE 20 LITE ORIGINAL CON MARCO','AT_HOME',1029.98),
(1289,'MOTO EDGE 20 PRO / EDGE S PRO / EDGE 20 ORIGINAL','AT_HOME',1009.98),
(1290,'MOTO EDGE 2021 IPS ORIGINAL','AT_HOME',389.98),
(1291,'MOTO EDGE 30 FUSION OLED','AT_HOME',839.98),
(1292,'MOTO EDGE 30 NEO ORIGINAL','AT_HOME',1519.98),
(1293,'MOTO EDGE 30 ORIGINAL','AT_HOME',919.98),
(1294,'MOTO EDGE 30 PRO ORIGINAL','AT_HOME',1009.98),
(1295,'MOTO EDGE 30 ULTRA ORIGINAL','AT_HOME',449.98),
(1296,'MOTO EDGE 40 / EDGE 40 NEO ORIGINAL','AT_HOME',1209.98),
(1297,'MOTO G 5G 2021 / ONE 5G ACE IPS ORIGINAL','AT_HOME',229.98),
(1298,'MOTO G 5G 2022 IPS ORIGINAL','AT_HOME',219.98),
(1299,'MOTO G PLAY 2021 IPS ORIGINAL','AT_HOME',189.98),
(1300,'MOTO G PLAY 2023 IPS ORIGINAL','AT_HOME',209.98),
(1301,'MOTO G POWER 2021 IPS ORIGINAL','AT_HOME',239.98),
(1302,'MOTO G POWER 2022 IPS ORIGINAL','AT_HOME',199.98),
(1303,'MOTO G POWER 2023 IPS ORIGINAL','AT_HOME',439.98),
(1304,'MOTO G PURE (XT-2163-4) IPS','AT_HOME',209.98),
(1305,'MOTO G STYLUS 4G 2021 IPS ORIGINAL','AT_HOME',309.98),
(1306,'MOTO G STYLUS 4G 2023 IPS ORIGINAL','AT_HOME',299.98),
(1307,'MOTO G STYLUS 5G 2021 IPS ORIGINAL','AT_HOME',349.98),
(1308,'MOTO G STYLUS 5G 2022 IPS ORIGINAL','AT_HOME',329.98),
(1309,'MOTO G STYLUS 5G 2023 IPS ORIGINAL','AT_HOME',449.98),
(1310,'MOTO G10 / G10 POWER IPS ORIGINAL','AT_HOME',179.98),
(1311,'MOTO G100 IPS ORIGINAL','AT_HOME',449.98),
(1312,'MOTO G13 / G23 IPS ORIGINAL','AT_HOME',189.98),
(1313,'MOTO G14 IPS ORIGINAL','AT_HOME',279.98),
(1314,'MOTO G20 IPS ORIGINAL','AT_HOME',179.98),
(1315,'MOTO G200 5G IPS ORIGINAL','AT_HOME',389.98),
(1316,'MOTO G22 IPS ORIGINAL','AT_HOME',189.98),
(1317,'MOTO G24 / G24 POWER / G04 IPS','AT_HOME',219.98),
(1318,'MOTO G30 (J2 / U3 / U4) IPS ORIGINAL','AT_HOME',179.98),
(1319,'MOTO G31 / G71 5G / G41 OLED','AT_HOME',599.98),
(1320,'MOTO G32 IPS ORIGINAL','AT_HOME',259.98),
(1321,'MOTO G34 IPS ORIGINAL','AT_HOME',269.98),
(1322,'MOTO G42 OLED','AT_HOME',599.98),
(1323,'MOTO G50 4G (J1) IPS ORIGINAL','AT_HOME',209.98),
(1324,'MOTO G50 5G (XT2149-1) IPS ORIGINAL','AT_HOME',179.98),
(1325,'MOTO G51 5G IPS ORIGINAL','AT_HOME',269.98),
(1326,'MOTO G52 / G72 ORIGINAL','AT_HOME',919.98),
(1327,'MOTO G53 / G 5G 2023 (=) IPS ORIGINAL','AT_HOME',209.98),
(1328,'MOTO G54 IPS ORIGINAL','AT_HOME',249.98),
(1329,'MOTO G60 / G60S / G40 FUSION IPS ORIGINAL','AT_HOME',269.98),
(1330,'MOTO G62 5G IPS ORIGINAL','AT_HOME',249.98),
(1331,'MOTO G7 / MOTO G7 PLUS IPS ORIGINAL','AT_HOME',239.98),
(1332,'MOTO G7 PLAY IPS ORIGINAL','AT_HOME',189.98),
(1333,'MOTO G7 POWER IPS ORIGINAL','AT_HOME',189.98),
(1334,'MOTO G73 IPS ORIGINAL','AT_HOME',259.98),
(1335,'MOTO G8 IPS ORIGINAL','AT_HOME',199.98),
(1336,'MOTO G8 PLAY / ONE MACRO IPS ORIGINAL','AT_HOME',169.98),
(1337,'MOTO G8 PLUS IPS ORIGINAL','AT_HOME',209.98),
(1338,'MOTO G8 POWER / MOTO G STYLUS 2020 (VERSION J1) IPS ORIGINAL','AT_HOME',299.98),
(1339,'MOTO G8 POWER / MOTO G STYLUS 2020 (VERSION U2) IPS ORIGINAL','AT_HOME',299.98),
(1340,'MOTO G8 POWER LITE IPS ORIGINAL','AT_HOME',179.98),
(1341,'MOTO G82 ORIGINAL','AT_HOME',919.98),
(1342,'MOTO G84 IPS','AT_HOME',379.98),
(1343,'MOTO G9 PLAY / E7 PLUS / MOTO G9 IPS ORIGINAL','AT_HOME',189.98),
(1344,'MOTO G9 POWER IPS ORIGINAL','AT_HOME',209.98),
(1345,'MOTO ONE 5G (XT2075) IPS ORIGINAL','AT_HOME',459.98),
(1346,'MOTO ONE FUSION IPS ORIGINAL*','AT_HOME',169.98),
(1347,'MOTO ONE FUSION PLUS BLANCO IPS ORIGINAL*','AT_HOME',219.98),
(1348,'MOTO ONE FUSION PLUS NEGRO IPS ORIGINAL*','AT_HOME',219.98),
(1349,'MOTO ONE IPS ORIGINAL*','AT_HOME',189.98),
(1350,'MOTO RAZR 2022 PRINCIPAL ┬┐?','AT_HOME',7119.98),
(1351,'MOTO RAZR 5G 2┬░ GENERATION ┬┐?','AT_HOME',4249.98),
(1352,'MOTO RAZR 5G 3┬░ GENERATION ┬┐?','AT_HOME',6209.98),
(1353,'NOKIA C20 IPS ORIGINAL','AT_HOME',199.98),
(1354,'NOKIA C21 PLUS / ZTE A52 LITE IPS ORIGINAL','AT_HOME',189.98),
(1355,'NOKIA C22 IPS ORIGINAL*','AT_HOME',209.98),
(1356,'NOKIA C30 IPS ORIGINAL','AT_HOME',209.98),
(1357,'NOKIA G100 IPS','AT_HOME',459.98),
(1358,'NOKIA G11 / G21 IPS ORIGINAL','AT_HOME',209.98),
(1359,'NOKIA G20 / G10 IPS ORIGINAL','AT_HOME',199.98),
(1360,'NOKIA G50 IPS ORIGINAL','AT_HOME',259.98),
(1361,'NOKIA X100 5G IPS ORIGINAL','AT_HOME',279.98),
(1362,'ONEPLUS 7T PRO ┬┐?','AT_HOME',3159.98),
(1363,'ONEPLUS 8 PRO ORIGINAL ┬┐?','AT_HOME',4669.98),
(1364,'ONEPLUS NORD N10 5G (FA219) IPS ORIGINAL','AT_HOME',329.98),
(1365,'ONEPLUS NORD N20 5G IPS SIN HUELLA','AT_HOME',209.98),
(1366,'ONEPLUS NORD N200 5G (FA261 /EF00) IPS ORIGINAL','AT_HOME',219.98),
(1367,'OPPO A12 IPS ORIGINAL','AT_HOME',169.98),
(1368,'OPPO A15 / REALME 7I (RMX2193 / FA361) / REALME C15 RMX 2180 (HELIO G35) /','AT_HOME',179.98),
(1369,'OPPO A16 / A16S (AA901 / RA113) IPS ORIGINAL','AT_HOME',189.98),
(1370,'OPPO A17 / A78 5G / A38 4G (AA341 / AC029-HLT) IPS ORIGINAL','AT_HOME',189.98),
(1371,'OPPO A31 2020 / A8 2019 / REALME 5I (FA029 / FA148) IPS ORIGINAL','AT_HOME',179.98),
(1372,'OPPO A52 / A92 (FA135) IPS ORIGINAL','AT_HOME',209.98),
(1373,'OPPO A53 2020 / ONEPLUS NORD N100 4G / A53S 4G (VERSION RA373-BOE) IPS O','AT_HOME',179.98),
(1374,'OPPO A54 4G / ONEPLUS NORD N100 4G BE2011 (AA035-BOE) IPS ORIGINAL','AT_HOME',179.98),
(1375,'OPPO A57 4G / A77 4G (AA269) IPS ORIGINAL','AT_HOME',189.98),
(1376,'OPPO A58 4G IPS ORIGINAL','AT_HOME',229.98),
(1377,'OPPO A72 4G (FA135) IPS ORIGINAL','AT_HOME',189.98),
(1378,'OPPO A78 4G IPS','AT_HOME',259.98),
(1379,'OPPO A9 2020 / A5 2020 / A11 / A11X (FA029 / FA148) IPS ORIGINAL','AT_HOME',179.98),
(1380,'OPPO A93 4G / RENO 4 4G / RENO 4 LITE IPS SIN HUELLA','AT_HOME',259.98),
(1381,'OPPO A95 4G IPS SIN HUELLA','AT_HOME',209.98),
(1382,'OPPO RENO 10 5G (BOE-R1) OLED','AT_HOME',1289.98),
(1383,'OPPO RENO 10 5G (BOE-R2) OLED','AT_HOME',1289.98),
(1384,'OPPO RENO 4 PRO 4G / 5G IPS','AT_HOME',479.98),
(1385,'OPPO RENO 4 Z 5G IPS ORIGINAL','AT_HOME',359.98),
(1386,'OPPO RENO 5 5G IPS / INCELL','AT_HOME',259.98),
(1387,'OPPO RENO 5 5G ORIGINAL','AT_HOME',1539.98),
(1388,'OPPO RENO 6 5G IPS*','AT_HOME',259.98),
(1389,'OPPO RENO 6 5G ORIGINAL','AT_HOME',1539.98),
(1390,'OPPO RENO 6 LITE 4G / RENO 7 LITE ORIGINAL','AT_HOME',1099.98),
(1391,'OPPO RENO 6 LITE 4G TFT SIN HUELLA*','AT_HOME',209.98),
(1392,'OPPO RENO 7 4G / RENO 8 4G (=) / RENO 8 5G (=) / RENO 8 LITE (=) / RENO 7 SE 5G','AT_HOME',219.98),
(1393,'OPPO RENO 7 4G / RENO 8 4G (=) / RENO 8 5G (=) / RENO 8 LITE (=) / RENO 7 SE 5G','AT_HOME',979.98),
(1394,'OPPO RENO 7 4G / RENO 8 4G (=) / RENO 8 5G (=) / RENO 8 LITE (=) / RENO 7 SE 5G','AT_HOME',1539.98),
(1395,'OPPO RENO 7 5G IPS','AT_HOME',259.98),
(1396,'OPPO RENO 7 5G ORIGINAL','AT_HOME',1539.98),
(1397,'OPPO RENO 7 LITE IPS SIN HUELLA','AT_HOME',209.98),
(1398,'OPPO RENO 7 PRO IPS SIN HUELLA','AT_HOME',319.98),
(1399,'OPPO RENO 7 PRO OLED','AT_HOME',889.98),
(1400,'OPPO RENO 8 5G IPS','AT_HOME',259.98),
(1401,'OPPO RENO 8 LITE IPS','AT_HOME',209.98),
(1402,'OPPO RENO 8 LITE OLED','AT_HOME',879.98),
(1403,'OPPO RENO 8 PRO 5G IPS','AT_HOME',309.98),
(1404,'REALME 10 4G IPS','AT_HOME',259.98),
(1405,'REALME 6 PRO (DD301) IPS ORIGINAL','AT_HOME',359.98),
(1406,'REALME 7 4G / REALME 6 / NARZO 30 4G (=) (RA170) IPS ORIGINAL','AT_HOME',229.98),
(1407,'REALME 7 5G (FA129 / 219) IPS ORIGINAL','AT_HOME',229.98),
(1408,'REALME 7 PRO / OPPO RENO 5 LITE / RENO 5 Z / REALME 8 PRO / A94 4G OLED','AT_HOME',879.98),
(1409,'REALME 7 PRO / OPPO RENO 5 LITE / RENO 5Z / REALME 8 PRO / A94 4G IPS SIN H','AT_HOME',209.98),
(1410,'REALME 8 5G / NARZO 30 5G (RA627 / XD627 / CJ627) IPS ORIGINAL','AT_HOME',229.98),
(1411,'REALME 9 PRO / NORD C2 LITE 5G / C2 LITE 5G (=) (AA275) IPS ORIGINAL','AT_HOME',239.98),
(1412,'REALME 9I 4G / REALME 8I / A96 4G / NARZO 50 (=) (AB089 / AB088 / AA255) IPS O','AT_HOME',289.98),
(1413,'REALME C21 / REALME C11 2021 IPS ORIGINAL','AT_HOME',189.98),
(1414,'REALME C21Y / C25Y (S19610CW) IPS ORIGINAL','AT_HOME',179.98),
(1415,'REALME C3 / REALME 6I (FA148 / FA029) IPS ORIGINAL','AT_HOME',179.98),
(1416,'REALME C35 (AA327 / 65010) IPS ORIGINAL','AT_HOME',199.98),
(1417,'REALME C53 IPS ORIGINAL','AT_HOME',189.98),
(1418,'REALME C55 IPS ORIGINAL','AT_HOME',289.98),
(1419,'REALME GT MASTER IPS','AT_HOME',259.98),
(1420,'SAMSUNG A01 (VERSION F) IPS ORIGINAL*','AT_HOME',169.98),
(1421,'SAMSUNG A01 (VERSION M) IPS ORIGINAL*','AT_HOME',169.98),
(1422,'SAMSUNG A01 CORE IPS ORIGINAL*','AT_HOME',169.98),
(1423,'SAMSUNG A03 CORE (VERSION BTB3) IPS ORIGINAL','AT_HOME',189.98),
(1424,'SAMSUNG A03 CORE (VERSION BTB41) IPS ORIGINAL','AT_HOME',169.98),
(1425,'SAMSUNG A03S / A02S / A03 (VERSION BTB3) IPS ORIGINAL','AT_HOME',189.98),
(1426,'SAMSUNG A04 IPS ORIGINAL','AT_HOME',189.98),
(1427,'SAMSUNG A04E (J40 / J2) IPS ORIGINAL','AT_HOME',189.98),
(1428,'SAMSUNG A04S (SM-A047F) IPS ORIGINAL','AT_HOME',189.98),
(1429,'SAMSUNG A05 IPS','AT_HOME',199.98),
(1430,'SAMSUNG A05S IPS','AT_HOME',419.98),
(1431,'SAMSUNG A10 IPS','AT_HOME',159.98),
(1432,'SAMSUNG A10E / A20E IPS ORIGINAL','AT_HOME',179.98),
(1433,'SAMSUNG A10S IPS','AT_HOME',159.98),
(1434,'SAMSUNG A11 / M11 (VERSION A) IPS ORIGINAL*','AT_HOME',199.98),
(1435,'SAMSUNG A11 / M11 (VERSION KB / J3) IPS ORIGINAL','AT_HOME',199.98),
(1436,'SAMSUNG A13 5G (SM-A136U) IPS ORIGINAL','AT_HOME',179.98),
(1437,'SAMSUNG A13 5G / A04 CORE (A136B) IPS ORIGINAL','AT_HOME',199.98),
(1438,'SAMSUNG A14 4G (VERSION P / R) (BTB34) IPS','AT_HOME',249.98),
(1439,'SAMSUNG A14 5G (SM-146B / J3) IPS ORIGINAL','AT_HOME',249.98),
(1440,'SAMSUNG A14 5G (SM-146P / KB) IPS ORIGINAL','AT_HOME',249.98),
(1441,'SAMSUNG A15 IPS ORIGINAL','AT_HOME',459.98),
(1442,'SAMSUNG A15 OLED CON MARCO','AT_HOME',1169.98),
(1443,'SAMSUNG A20 INCELL CON MARCO*','AT_HOME',209.98),
(1444,'SAMSUNG A20 IPS SIN HUELLA*','AT_HOME',179.98),
(1445,'SAMSUNG A20S IPS ORIGINAL*','AT_HOME',179.98),
(1446,'SAMSUNG A21 IPS ORIGINAL','AT_HOME',219.98),
(1447,'SAMSUNG A21S IPS ORIGINAL','AT_HOME',179.98),
(1448,'SAMSUNG A22 4G IPS','AT_HOME',229.98),
(1449,'SAMSUNG A22 4G OLED CON MARCO','AT_HOME',529.98),
(1450,'SAMSUNG A22 5G IPS','AT_HOME',209.98),
(1451,'SAMSUNG A23 4G / M13 (SM-A235F) IPS ORIGINAL','AT_HOME',229.98),
(1452,'SAMSUNG A23 5G (SM-A236B) IPS ORIGINAL','AT_HOME',239.98),
(1453,'SAMSUNG A24 IPS','AT_HOME',259.98),
(1454,'SAMSUNG A24 IPS CON MARCO','AT_HOME',299.98),
(1455,'SAMSUNG A24 OLED CON MARCO','AT_HOME',1129.98),
(1456,'SAMSUNG A25 5G OLED CON MARCO','AT_HOME',1349.98),
(1457,'SAMSUNG A30 / A50 / A50S IPS SIN HUELLA*','AT_HOME',209.98),
(1458,'SAMSUNG A30 OLED*','AT_HOME',499.98),
(1459,'SAMSUNG A30S IPS SIN HUELLA*','AT_HOME',179.98),
(1460,'SAMSUNG A30S OLED*','AT_HOME',519.98),
(1461,'SAMSUNG A31 IPS','AT_HOME',239.98),
(1462,'SAMSUNG A31 OLED CON MARCO','AT_HOME',529.98),
(1463,'SAMSUNG A32 4G OLED CON MARCO','AT_HOME',599.98),
(1464,'SAMSUNG A32 5G (VERSION U) (SM- A326U / H-21026) IPS ORIGINAL*','AT_HOME',209.98),
(1465,'SAMSUNG A33 5G OLED CON MARCO','AT_HOME',639.98),
(1466,'SAMSUNG A33 5G OLED*','AT_HOME',669.98),
(1467,'SAMSUNG A34 4G / A34 5G IPS','AT_HOME',379.98),
(1468,'SAMSUNG A34 5G OLED','AT_HOME',999.98),
(1469,'SAMSUNG A34 5G OLED CON MARCO','AT_HOME',1099.98),
(1470,'SAMSUNG A34 5G ORIGINAL CON MARCO','AT_HOME',1789.98),
(1471,'SAMSUNG A42 5G ORIGINAL*','AT_HOME',1119.98),
(1472,'SAMSUNG A50 / A50S OLED','AT_HOME',499.98),
(1473,'SAMSUNG A50 / A50S ORIGINAL*','AT_HOME',929.98),
(1474,'SAMSUNG A51 (4G / 5G) OLED ORIGINAL SIZE*','AT_HOME',639.98),
(1475,'SAMSUNG A51 (4G / 5G) ORIGINAL','AT_HOME',1149.98),
(1476,'SAMSUNG A51 4G INCELL SIN HUELLA CON MARCO','AT_HOME',269.98),
(1477,'SAMSUNG A51 4G OLED CON MARCO ORIGINAL SIZE*','AT_HOME',599.98),
(1478,'SAMSUNG A52 (4G / 5G) / A52S ORIGINAL','AT_HOME',1599.98),
(1479,'SAMSUNG A52 4G IPS','AT_HOME',239.98),
(1480,'SAMSUNG A52 5G / A52S OLED CON MARCO','AT_HOME',749.98),
(1481,'SAMSUNG A53 5G IPS SIN HUELLA','AT_HOME',249.98),
(1482,'SAMSUNG A53 5G ORIGINAL','AT_HOME',1889.98),
(1483,'SAMSUNG A54 5G IPS','AT_HOME',299.98),
(1484,'SAMSUNG A54 5G IPS CON MARCO','AT_HOME',399.98),
(1485,'SAMSUNG A54 5G OLED CON MARCO','AT_HOME',739.98),
(1486,'SAMSUNG A71 4G IPS','AT_HOME',239.98),
(1487,'SAMSUNG A71 4G OLED CON MARCO*','AT_HOME',819.98),
(1488,'SAMSUNG A72 4G IPS','AT_HOME',249.98),
(1489,'SAMSUNG A72 4G OLED CON MARCO*','AT_HOME',899.98),
(1490,'SAMSUNG A72 4G OLED ORIGINAL','AT_HOME',839.98),
(1491,'SAMSUNG A73 4G / 5G IPS','AT_HOME',329.98),
(1492,'SAMSUNG F12 / A32 5G (VERSION B) / M32 5G / M12 ( 127F ) / M12 (127G ) / A02','AT_HOME',169.98),
(1493,'SAMSUNG M14 / A14 4G (VERSION F) IPS ORIGINAL','AT_HOME',239.98),
(1494,'SAMSUNG M20 (SM-M205F) IPS ORIGINAL*','AT_HOME',179.98),
(1495,'SAMSUNG M23 5G / M33 5G / A13 4G (SM-M236B / SM-M336B) IPS ORIGINAL*','AT_HOME',209.98),
(1496,'SAMSUNG M30 / M30S / M21 / M21S / M31 IPS*','AT_HOME',209.98),
(1497,'SAMSUNG M30 / M30S / M21 / M21S / M31 OLED*','AT_HOME',499.98),
(1498,'SAMSUNG M31S IPS SIN HUELLA','AT_HOME',219.98),
(1499,'SAMSUNG M32 OLED CON MARCO','AT_HOME',599.98),
(1500,'SAMSUNG M53 5G IPS SIN HUELLA','AT_HOME',479.98),
(1501,'SAMSUNG M53 5G OLED CON MARCO','AT_HOME',949.98),
(1502,'SAMSUNG NOTE 20 ORIGINAL CON MARCO*','AT_HOME',2039.98),
(1503,'SAMSUNG NOTE 20 ULTRA ORIGINAL CON MARCO*','AT_HOME',6349.98),
(1504,'SAMSUNG S20 FE OLED CON MARCO*','AT_HOME',749.98),
(1505,'SAMSUNG S20 FE ORIGINAL CON MARCO*','AT_HOME',1579.98),
(1506,'SAMSUNG S20 FE ORIGINAL*','AT_HOME',1409.98),
(1507,'SAMSUNG S20 ORIGINAL CON MARCO*','AT_HOME',3099.98),
(1508,'SAMSUNG S20 ORIGINAL*','AT_HOME',2909.98),
(1509,'SAMSUNG S20 PLUS ORIGINAL CON MARCO*','AT_HOME',3339.98),
(1510,'SAMSUNG S20 ULTRA ORIGINAL CON MARCO','AT_HOME',4319.98),
(1511,'SAMSUNG S21 5G ORIGINAL CON MARCO','AT_HOME',2509.98),
(1512,'SAMSUNG S21 5G ORIGINAL*','AT_HOME',2219.98),
(1513,'SAMSUNG S21 FE 5G ORIGINAL CON MARCO*','AT_HOME',2389.98),
(1514,'SAMSUNG S21 FE 5G ORIGINAL*','AT_HOME',2219.98),
(1515,'SAMSUNG S21 PLUS ORIGINAL CON MARCO*','AT_HOME',1809.98),
(1516,'SAMSUNG S21 ULTRA 5G ORIGINAL CON MARCO*','AT_HOME',3819.98),
(1517,'SAMSUNG S21 ULTRA 5G ORIGINAL*','AT_HOME',3579.98),
(1518,'SAMSUNG S22 ORIGINAL CON MARCO','AT_HOME',3249.98),
(1519,'SAMSUNG S22 PLUS ORIGINAL CON MARCO','AT_HOME',2909.98),
(1520,'SAMSUNG S22 PLUS ORIGINAL*','AT_HOME',2579.98),
(1521,'SAMSUNG S22 ULTRA ORIGINAL CON MARCO','AT_HOME',5579.98),
(1522,'SAMSUNG S22 ULTRA ORIGINAL*','AT_HOME',5199.98),
(1523,'SAMSUNG S23 FE ORIGINAL*','AT_HOME',1779.98),
(1524,'SAMSUNG S23 ORIGINAL*','AT_HOME',2529.98),
(1525,'SAMSUNG S23 PLUS ORIGINAL CON MARCO','AT_HOME',3009.98),
(1526,'SAMSUNG S23 PLUS ORIGINAL*','AT_HOME',2599.98),
(1527,'SAMSUNG S23 ULTRA ORIGINAL CON MARCO','AT_HOME',6969.98),
(1528,'SAMSUNG S23 ULTRA ORIGINAL*','AT_HOME',6209.98),
(1529,'SAMSUNG TAB 8.4 2020 SM-T307','AT_HOME',589.98),
(1530,'SAMSUNG TAB A 10.1 (SM-T580 / T585)','AT_HOME',819.98),
(1531,'SAMSUNG TAB A 10.1 2019 (SM-T510) NEGRO','AT_HOME',679.98),
(1532,'SAMSUNG TAB A 7.0 T280 (VERSION WIFI)','AT_HOME',389.98),
(1533,'SAMSUNG TAB A 8.0 2019 T295 (LTE) BLANCO','AT_HOME',389.98),
(1534,'SAMSUNG TAB A 8.0 2019 T295 (LTE) NEGRO','AT_HOME',389.98),
(1535,'SAMSUNG TAB A 8.0 T290 (WIFI) BLANCO','AT_HOME',389.98),
(1536,'SAMSUNG TAB A 8.0 T290 (WIFI) NEGRO','AT_HOME',389.98),
(1537,'SAMSUNG TAB A2 T590','AT_HOME',839.98),
(1538,'SAMSUNG TAB A7 2020 10.4 (SM-T500)','AT_HOME',639.98),
(1539,'SAMSUNG TAB A7 LITE T220 BLANCO IPS ORIGINAL','AT_HOME',449.98),
(1540,'SAMSUNG TAB A7 LITE T220 NEGRO IPS ORIGINAL','AT_HOME',449.98),
(1541,'SAMSUNG TAB A8 10.5 2022 (SM-X200)','AT_HOME',779.98),
(1542,'SAMSUNG TAB E T560 NEGRO IPS','AT_HOME',769.98),
(1543,'SAMSUNG TAB S6 LITE (P610 / P615)','AT_HOME',819.98),
(1544,'SAMSUNG TAB S7 (SM-T870) NEGRO','AT_HOME',819.98),
(1545,'SAMSUNG Z FLIP 3 5G ORIGINAL ┬┐?','AT_HOME',4249.98),
(1546,'SAMSUNG Z FLIP 3 ┬┐?','AT_HOME',4769.98),
(1547,'SAMSUNG Z FLIP 4 ┬┐?','AT_HOME',5969.98),
(1548,'SAMSUNG Z FOLD 2 ┬┐?','AT_HOME',7489.98),
(1549,'SAMSUNG Z FOLD 3 (PANTALLA CHICA) ┬┐?','AT_HOME',2579.98),
(1550,'SAMSUNG Z FOLD 3 (PANTALLA GRANDE) ┬┐?','AT_HOME',8499.98),
(1551,'SAMSUNG Z FOLD 4 ┬┐?','AT_HOME',10689.98),
(1552,'TCL 10 5G IPS ORIGINAL','AT_HOME',329.98),
(1553,'TCL 10 LITE IPS ORIGINAL','AT_HOME',309.98),
(1554,'TCL 10 SE IPS ORIGINAL','AT_HOME',209.98),
(1555,'TCL 10L IPS ORIGINAL','AT_HOME',309.98),
(1556,'TCL 20 SE IPS ORIGINAL','AT_HOME',229.98),
(1557,'TCL 20 XE IPS ORIGINAL','AT_HOME',219.98),
(1558,'TCL 20E IPS ORIGINAL','AT_HOME',189.98),
(1559,'TCL 20L / 20S (=) IPS ORIGINAL','AT_HOME',299.98),
(1560,'TCL 20R 5G IPS ORIGINAL','AT_HOME',219.98),
(1561,'TCL 30 IPS ORIGINAL','AT_HOME',259.98),
(1562,'TCL 30 PLUS IPS ORIGINAL','AT_HOME',329.98),
(1563,'TCL 30 SE / TCL 30E IPS ORIGINAL','AT_HOME',209.98),
(1564,'TCL 40 SE IPS ORIGINAL','AT_HOME',249.98),
(1565,'VIVO V20 IPS SIN HUELLA','AT_HOME',209.98),
(1566,'VIVO V20 OLED','AT_HOME',559.98),
(1567,'VIVO V21 IPS SIN HUELLA','AT_HOME',269.98),
(1568,'VIVO V21 OLED','AT_HOME',619.98),
(1569,'VIVO V25 IPS','AT_HOME',269.98),
(1570,'VIVO V25E 4.5G IPS','AT_HOME',309.98),
(1571,'VIVO V25E 5G IPS','AT_HOME',309.98),
(1572,'VIVO Y01 IPS','AT_HOME',189.98),
(1573,'VIVO Y11 2023 IPS','AT_HOME',179.98),
(1574,'VIVO Y15 IPS','AT_HOME',179.98),
(1575,'VIVO Y15S / Y17S (=) (R2.0) IPS','AT_HOME',179.98),
(1576,'VIVO Y20 / Y20S / Y11S / Y20I IPS','AT_HOME',179.98),
(1577,'VIVO Y21 IPS','AT_HOME',179.98),
(1578,'VIVO Y21S (B3-0) IPS ORIGINAL','AT_HOME',179.98),
(1579,'VIVO Y22 / Y22S (01) IPS','AT_HOME',189.98),
(1580,'VIVO Y35 4G (11) IPS','AT_HOME',239.98),
(1581,'VIVO Y36 IPS ORIGINAL','AT_HOME',279.98),
(1582,'VIVO Y51 / Y52S / Y33 / Y53S / Y33S IPS','AT_HOME',219.98),
(1583,'XIAOMI MI 10 LITE 5G IPS*','AT_HOME',309.98),
(1584,'XIAOMI MI 10 LITE 5G OLED*','AT_HOME',529.98),
(1585,'XIAOMI MI 10T / MI 10T PRO IPS*','AT_HOME',319.98),
(1586,'XIAOMI MI 11 LITE 5G ORIGINAL','AT_HOME',759.98),
(1587,'XIAOMI MI 11 ORIGINAL*','AT_HOME',2649.98),
(1588,'XIAOMI MI 11 ULTRA ┬┐?','AT_HOME',3719.98),
(1589,'XIAOMI MI 11I / POCOPHONE F4 5G IPS','AT_HOME',259.98),
(1590,'XIAOMI MI 11T 5G / MI 11T PRO 5G ORIGINAL','AT_HOME',1289.98),
(1591,'XIAOMI MI 11T PRO 5G / MI 11T 5G IPS','AT_HOME',279.98),
(1592,'XIAOMI MI 12 / MI 12X (=) ORIGINAL','AT_HOME',1579.98),
(1593,'XIAOMI MI 12 LITE IPS','AT_HOME',309.98),
(1594,'XIAOMI MI 12T / MI 12T PRO ORIGINAL','AT_HOME',749.98),
(1595,'XIAOMI MI 13T IPS','AT_HOME',569.98),
(1596,'XIAOMI MI 13T OLED','AT_HOME',1019.98),
(1597,'XIAOMI MI 9T / MI 9T PRO / K20 / K20 PRO IPS*','AT_HOME',249.98),
(1598,'XIAOMI MI 9T / MI 9T PRO / K20 / K20 PRO OLED*','AT_HOME',839.98),
(1599,'XIAOMI MI NOTE 10 / MI NOTE 10 LITE / MI NOTE 10 PRO OLED*','AT_HOME',989.98),
(1600,'XIAOMI POCOPHONE C65 / REDMI 13C IPS','AT_HOME',249.98),
(1601,'XIAOMI POCOPHONE F1 IPS','AT_HOME',209.98),
(1602,'XIAOMI POCOPHONE F2 /REDMI K30 (=) IPS','AT_HOME',279.98),
(1603,'XIAOMI POCOPHONE F2 PRO IPS*','AT_HOME',289.98),
(1604,'XIAOMI POCOPHONE F3 / POCOPHONE F3 PRO / REDMI K40 IPS','AT_HOME',259.98),
(1605,'XIAOMI POCOPHONE F4 GT / REDMI K50 GAMING ORIGINAL','AT_HOME',799.98),
(1606,'XIAOMI POCOPHONE F5 IPS','AT_HOME',279.98),
(1607,'XIAOMI POCOPHONE F5 OLED','AT_HOME',669.98),
(1608,'XIAOMI POCOPHONE F5 PRO IPS','AT_HOME',359.98),
(1609,'XIAOMI POCOPHONE M3 PRO 5G IPS','AT_HOME',229.98),
(1610,'XIAOMI POCOPHONE M4 5G / POCOPHONE M5 5G / REDMI 10 5G / REDMI NOTE 1','AT_HOME',239.98),
(1611,'XIAOMI POCOPHONE M4 PRO 4G / REDMI NOTE 11S 4G (GLOBAL) / REDMI NOTE 1','AT_HOME',259.98),
(1612,'XIAOMI POCOPHONE M4 PRO 4G / REDMI NOTE 11S 4G (GLOBAL) / REDMI NOTE 1','AT_HOME',709.98),
(1613,'XIAOMI POCOPHONE X3 / POCOPHONE X3 PRO IPS','AT_HOME',239.98),
(1614,'XIAOMI POCOPHONE X3 GT / REDMI NOTE 10 PRO 5G IPS','AT_HOME',259.98),
(1615,'XIAOMI POCOPHONE X4 GT IPS','AT_HOME',259.98),
(1616,'XIAOMI POCOPHONE X4 PRO 5G / REDMI NOTE 11 PRO (4G / 5G) / REDMI NOTE 11','AT_HOME',859.98),
(1617,'XIAOMI POCOPHONE X5 5G IPS','AT_HOME',259.98),
(1618,'XIAOMI POCOPHONE X5 5G ORIGINAL','AT_HOME',1769.98),
(1619,'XIAOMI POCOPHONE X5 OLED','AT_HOME',879.98),
(1620,'XIAOMI POCOPHONE X6 PRO 5G / POCOPHONE K70E (=) IPS SIN HUELLA','AT_HOME',319.98),
(1621,'XIAOMI REDMI 10 4G / REDMI NOTE 11 4G (CHINA) IPS','AT_HOME',229.98),
(1622,'XIAOMI REDMI 10C / POCOPHONE C40 IPS','AT_HOME',189.98),
(1623,'XIAOMI REDMI 12 IPS','AT_HOME',249.98),
(1624,'XIAOMI REDMI 12C IPS','AT_HOME',189.98),
(1625,'XIAOMI REDMI 7 IPS*','AT_HOME',179.98),
(1626,'XIAOMI REDMI 7A IPS*','AT_HOME',149.98),
(1627,'XIAOMI REDMI 8 / REDMI 8A IPS*','AT_HOME',179.98),
(1628,'XIAOMI REDMI 9 IPS','AT_HOME',189.98),
(1629,'XIAOMI REDMI 9A / REDMI 9C / REDMI 10A IPS','AT_HOME',169.98),
(1630,'XIAOMI REDMI 9T / POCOPHONE M3 IPS','AT_HOME',189.98),
(1631,'XIAOMI REDMI A2 2023 / A1 2022 (VERSION BTB2) IPS','AT_HOME',189.98),
(1632,'XIAOMI REDMI A3 2023 4G IPS','AT_HOME',229.98),
(1633,'XIAOMI REDMI K40 / POCOPHONE F3 / POCOPHONE F3 PRO ORIGINAL*','AT_HOME',849.98),
(1634,'XIAOMI REDMI NOTE 10 4G / REDMI NOTE 10S 4G / POCOPHONE M5S IPS','AT_HOME',199.98),
(1635,'XIAOMI REDMI NOTE 10 5G IPS','AT_HOME',239.98),
(1636,'XIAOMI REDMI NOTE 10 PRO 4G / REDMI NOTE 10 PRO MAX IPS','AT_HOME',249.98),
(1637,'XIAOMI REDMI NOTE 10 PRO 4G / REDMI NOTE 10 PRO MAX ORIGINAL','AT_HOME',849.98),
(1638,'XIAOMI REDMI NOTE 10S 4G / REDMI NOTE 10 4G / POCOPHONE M5S OLED','AT_HOME',609.98),
(1639,'XIAOMI REDMI NOTE 11 5G / POCOPHONE M4 PRO 5G IPS','AT_HOME',229.98),
(1640,'XIAOMI REDMI NOTE 11 PRO (4G / 5G) / REDMI NOTE 11 PRO PLUS 5G / POCOPHO','AT_HOME',259.98),
(1641,'XIAOMI REDMI NOTE 12 (4G / 5G) IPS','AT_HOME',189.98),
(1642,'XIAOMI REDMI NOTE 12 (4G / 5G) OLED','AT_HOME',789.98),
(1643,'XIAOMI REDMI NOTE 12 PRO 5G / POCOPHONE X5 PRO 5G / REDMI NOTE 12 PRO P','AT_HOME',259.98),
(1644,'XIAOMI REDMI NOTE 12 PRO 5G / POCOPHONE X5 PRO 5G / REDMI NOTE 12 PRO P','AT_HOME',709.98),
(1645,'XIAOMI REDMI NOTE 12S IPS','AT_HOME',249.98),
(1646,'XIAOMI REDMI NOTE 12S OLED','AT_HOME',659.98),
(1647,'XIAOMI REDMI NOTE 13 4G IPS','AT_HOME',779.98),
(1648,'XIAOMI REDMI NOTE 13 5G IPS','AT_HOME',389.98),
(1649,'XIAOMI REDMI NOTE 13 5G OLED','AT_HOME',1419.98),
(1650,'XIAOMI REDMI NOTE 13 PRO IPS','AT_HOME',539.98),
(1651,'XIAOMI REDMI NOTE 7 / REDMI NOTE 7 PRO IPS','AT_HOME',179.98),
(1652,'XIAOMI REDMI NOTE 8 IPS','AT_HOME',179.98),
(1653,'XIAOMI REDMI NOTE 8 PRO IPS','AT_HOME',199.98),
(1654,'XIAOMI REDMI NOTE 8T IPS','AT_HOME',179.98),
(1655,'XIAOMI REDMI NOTE 9 IPS','AT_HOME',199.98),
(1656,'XIAOMI REDMI NOTE 9 PRO / REDMI NOTE 9S IPS','AT_HOME',209.98),
(1657,'ZTE A3 2020 IPS ORIGINAL','AT_HOME',209.98),
(1658,'ZTE A31 IPS ORIGINAL','AT_HOME',209.98),
(1659,'ZTE A31 LITE IPS','AT_HOME',139.98),
(1660,'ZTE A31 PLUS IPS ORIGINAL','AT_HOME',189.98),
(1661,'ZTE A5 2020 IPS CON MARCO','AT_HOME',319.98),
(1662,'ZTE A51 / A71 IPS ORIGINAL','AT_HOME',209.98),
(1663,'ZTE A51 IPS CON MARCO','AT_HOME',289.98),
(1664,'ZTE A52 IPS ORIGINAL','AT_HOME',229.98),
(1665,'ZTE A53 IPS','AT_HOME',219.98),
(1666,'ZTE A54 / A34 IPS','AT_HOME',219.98),
(1667,'ZTE A7 2020 / A5 2020 (VERSION FPC-01) IPS ORIGINAL','AT_HOME',209.98),
(1668,'ZTE A71 IPS CON MARCO','AT_HOME',289.98),
(1669,'ZTE A72 4G IPS ORIGINAL','AT_HOME',219.98),
(1670,'ZTE A72 5G IPS','AT_HOME',219.98),
(1671,'ZTE AXON 11 ORIGINAL','AT_HOME',999.98),
(1672,'ZTE AXON 20 ORIGINAL','AT_HOME',1189.98),
(1673,'ZTE AXON 30 ORIGINAL','AT_HOME',1719.98),
(1674,'ZTE AXON 40 LITE / V41 VITA (=) IPS','AT_HOME',259.98),
(1675,'ZTE AXON 40 SE IPS','AT_HOME',959.98),
(1676,'ZTE AXON 50 LITE IPS','AT_HOME',259.98),
(1677,'ZTE L210 IPS ORIGINAL*','AT_HOME',199.98),
(1678,'ZTE L220 IPS','AT_HOME',279.98),
(1679,'ZTE L8 / A3 2019 / L9 IPS ORIGINAL*','AT_HOME',149.98),
(1680,'ZTE V SMART (2050 - V0.2) IPS ORIGINAL','AT_HOME',219.98),
(1681,'ZTE V SMART / A7S A7020 / V20 SMART (1050) IPS ORIGINAL','AT_HOME',219.98),
(1682,'ZTE V10 IPS ORIGINAL','AT_HOME',369.98),
(1683,'ZTE V10 VITA IPS CON MARCO','AT_HOME',309.98),
(1684,'ZTE V10 VITA IPS ORIGINAL','AT_HOME',209.98),
(1685,'ZTE V2020 IPS ORIGINAL','AT_HOME',299.98),
(1686,'ZTE V2020 VITA IPS ORIGINAL','AT_HOME',219.98),
(1687,'ZTE V30 IPS ORIGINAL','AT_HOME',299.98),
(1688,'ZTE V30 VITA 8030 / V2020 SMART / V20 SMART 8010 / NUBIA N80 IPS ORIGINAL','AT_HOME',229.98),
(1689,'ZTE V40 IPS','AT_HOME',299.98),
(1690,'ZTE V40 PRO IPS','AT_HOME',749.98),
(1691,'ZTE V40 VITA / V40 SMART / V41 SMART / A72S (=) IPS ORIGINAL','AT_HOME',219.98),
(1692,'ZTE V50 SMART IPS ORIGINAL','AT_HOME',269.98),
(1693,'IPHONE AAA 7G','KBKA_SHOP',200.00),
(1694,'IPHONE AAA 7 PLUS','KBKA_SHOP',230.00),
(1695,'IPHONE AAA 8G','KBKA_SHOP',200.00),
(1696,'IPHONE AAA 8 PLUS','KBKA_SHOP',230.00),
(1697,'IPHONE X OLED YK','KBKA_SHOP',520.00),
(1698,'IPHONE X OLED GX','KBKA_SHOP',610.00),
(1699,'IPHONE X OLED SL','KBKA_SHOP',560.00),
(1700,'IPHONE X INCELL JK (ALUMINIO)','KBKA_SHOP',490.00),
(1701,'IPHONE X INCELL','KBKA_SHOP',390.00),
(1702,'IPHONE X INCELL CALIDAD B (MOSHI)','KBKA_SHOP',290.00),
(1703,'IPHONE XS OLED YK','KBKA_SHOP',520.00),
(1704,'IPHONE XS OLED GX','KBKA_SHOP',640.00),
(1705,'IPHONE XS INCELL CALIDAD B (MOSHI)','KBKA_SHOP',300.00),
(1706,'IPHONE XS INCELL JK (ALUMINIO)','KBKA_SHOP',490.00),
(1707,'IPHONE XS MAX OLED  GX','KBKA_SHOP',710.00),
(1708,'IPHONE XS MAX INCELL','KBKA_SHOP',490.00),
(1709,'IPHONE XS MAX INCELL CALIDAD B (MOSHI)','KBKA_SHOP',460.00),
(1710,'IPHONE XS MAX INCELL JK(ALUMINIO)','KBKA_SHOP',610.00),
(1711,'IPHONE XR CALIDAD ORI. JK (ALUMINIO)','KBKA_SHOP',490.00),
(1712,'IPHONE XR CALIDAD ORI. (ALPHA)','KBKA_SHOP',440.00),
(1713,'IPHONE XR GX','KBKA_SHOP',350.00),
(1714,'IPHONE XR CALIDAD  B (MOSHI)','KBKA_SHOP',380.00),
(1715,'IPHONE 11 CALIDAD ORIG. JK (ALUMINIO).','KBKA_SHOP',490.00),
(1716,'IPHONE 11 CALIDAD ORIG. (ALPHA).','KBKA_SHOP',420.00),
(1717,'IPHONE 11  GX/ YK / KD.','KBKA_SHOP',350.00),
(1718,'IPHONE 11 CALIDAD B (MOSHI)','KBKA_SHOP',400.00),
(1719,'IPHONE 11 PRO OLED GX','KBKA_SHOP',660.00),
(1720,'IPHONE 11 PRO OLED YK','KBKA_SHOP',610.00),
(1721,'IPHONE 11 PRO INCEL JK (ALUMINIO)','KBKA_SHOP',600.00),
(1722,'IPHONE 11 PRO INCELL','KBKA_SHOP',460.00),
(1723,'IPHONE 11 PRO MAX OLED GX','KBKA_SHOP',750.00),
(1724,'IPHONE 11 PRO MAX INCELL JK (ALUMINIO)','KBKA_SHOP',640.00),
(1725,'IPHONE 11 PRO MAX INCELL CALIDAD B (MOSHI)','KBKA_SHOP',460.00),
(1726,'IPHONE 11 PRO MAX INCELL','KBKA_SHOP',500.00),
(1727,'IPHONE 12 MINI OLED','KBKA_SHOP',1220.00),
(1728,'IPHONE 12/12 PRO OLED','KBKA_SHOP',900.00),
(1729,'IPHONE 12/12 PRO INCELL JK (ALUMINIO)','KBKA_SHOP',690.00),
(1730,'IPHONE 12/12 PRO INCELL','KBKA_SHOP',550.00),
(1731,'IPHONE 12 PRO MAX INCELL','KBKA_SHOP',780.00),
(1732,'IPHONE 12 PRO MAX INCELL JK (ALUMINIO)','KBKA_SHOP',940.00),
(1733,'IPHONE 12 PRO MAX OLED','KBKA_SHOP',1270.00),
(1734,'IPHONE 13 MINI INCELL','KBKA_SHOP',1000.00),
(1735,'IPHONE 13 MINI OLED','KBKA_SHOP',1320.00),
(1736,'IPHONE 13 OLED','KBKA_SHOP',1260.00),
(1737,'IPHONE 13 INCELL JK (ALUMINIO)','KBKA_SHOP',930.00),
(1738,'IPHONE 13 PRO OLED','KBKA_SHOP',3680.00),
(1739,'IPHONE 13 PRO INCELL','KBKA_SHOP',2400.00),
(1740,'IPHONE 13 PRO MAX OLED','KBKA_SHOP',3800.00),
(1741,'IPHONE 13 PRO MAX INCELL','KBKA_SHOP',3010.00),
(1742,'IPHONE 14 OLED','KBKA_SHOP',1580.00),
(1743,'IPHONE 14 PLUS INCELL','KBKA_SHOP',1440.00),
(1744,'IPHONE 14 PLUS OLED','KBKA_SHOP',2620.00),
(1745,'IPHONE 14 PRO OLED GX','KBKA_SHOP',4950.00),
(1746,'IPHONE 14 PRO MAX OLED','KBKA_SHOP',5130.00),
(1747,'IPHONE 15 OLED GX','KBKA_SHOP',4200.00),
(1748,'IPHONE 15 PRO ORIGINAL','KBKA_SHOP',5870.00),
(1749,'IPHONE 15 PRO MAX ORIGINAL','KBKA_SHOP',6890.00),
(1750,'IPHONE ORIGINAL 6G','KBKA_SHOP',450.00),
(1751,'IPHONE ORIGINAL 6 PLUS','KBKA_SHOP',500.00),
(1752,'IPHONE ORIGINAL 6S','KBKA_SHOP',450.00),
(1753,'IPHONE ORIGINAL 6S PLUS','KBKA_SHOP',240.00),
(1754,'IPHONE ORIGINAL 7G','KBKA_SHOP',600.00),
(1755,'IPHONE ORIGINAL 7 PLUS','KBKA_SHOP',850.00),
(1756,'IPHONE ORIGINAL 8G','KBKA_SHOP',600.00),
(1757,'IPHONE ORIGINAL 8 PLUS','KBKA_SHOP',850.00),
(1758,'IPHONE ORIGINAL X','KBKA_SHOP',1700.00),
(1759,'IPHONE ORIGINAL XR','KBKA_SHOP',1700.00),
(1760,'IPHONE ORIGINAL XS','KBKA_SHOP',1800.00),
(1761,'IPHONE ORIGINAL XS MAX','KBKA_SHOP',2100.00),
(1762,'IPHONE ORIGINAL 11','KBKA_SHOP',1700.00),
(1763,'IPHONE ORIGINAL 11 PRO','KBKA_SHOP',2200.00),
(1764,'IPHONE ORIGINAL 11 PRO MAX','KBKA_SHOP',2300.00),
(1765,'IPHONE ORIGINAL 12 PRO','KBKA_SHOP',4400.00),
(1766,'IPHONE ORIGINAL 12 PRO MAX','KBKA_SHOP',4800.00),
(1767,'IPHONE ORIGINAL 13 PRO','KBKA_SHOP',5000.00),
(1768,'IPHONE ORIGINAL 13 PRO MAX','KBKA_SHOP',5250.00),
(1769,'IPAD TOUCH IPAD MINI 1-2','KBKA_SHOP',150.00),
(1770,'IPAD TOUCH IPAD MINI 3-5','KBKA_SHOP',250.00),
(1771,'IPAD TOUCH IPAD 2-3-4','KBKA_SHOP',130.00),
(1772,'IPAD TOUCH IPAD AIR-5','KBKA_SHOP',140.00),
(1773,'IPAD TOUCH IPAD 6 2018','KBKA_SHOP',160.00),
(1774,'IPAD TOUCH IPAD 7/IPAD 8','KBKA_SHOP',260.00),
(1775,'MOTOROLA MOTO ONE','KBKA_SHOP',230.00),
(1776,'MOTOROLA MOTO ONE VISION/ONE ACTION','KBKA_SHOP',720.00),
(1777,'MOTOROLA MOTO ONE ZOOM / Z4 PLAY OLED','KBKA_SHOP',510.00),
(1778,'MOTOROLA MOTO ONE FUSION','KBKA_SHOP',230.00),
(1779,'MOTOROLA MOTO ONE FUSION PLUS','KBKA_SHOP',270.00),
(1780,'MOTOROLA MOTO ONE MACRO/G8 PLAY','KBKA_SHOP',230.00),
(1781,'MOTOROLA MOTO ONE HYPER','KBKA_SHOP',280.00),
(1782,'MOTOROLA MOTO ONE EDGE','KBKA_SHOP',1500.00),
(1783,'MOTOROLA MOTO EDGE 20 INCELL','KBKA_SHOP',380.00),
(1784,'MOTOROLA MOTO EDGE 20 LITE OLED','KBKA_SHOP',940.00),
(1785,'MOTOROLA MOTO EDGE 20 LITE INCELL','KBKA_SHOP',410.00),
(1786,'MOTOROLA MOTO EDGE 30 NEO','KBKA_SHOP',1440.00),
(1787,'MOTOROLA MOTO EDGE 30 OLED','KBKA_SHOP',1040.00),
(1788,'MOTOROLA MOTO EDGE 40 NEO','KBKA_SHOP',1080.00),
(1789,'MOTOROLA MOTO G PLAY 2021','KBKA_SHOP',230.00),
(1790,'MOTOROLA MOTO G PLAY 2023','KBKA_SHOP',280.00),
(1791,'MOTOROLA. MOTO G POWER 2021/G10 PLAY','KBKA_SHOP',300.00),
(1792,'MOTOROLA MOTO G POWER 2022','KBKA_SHOP',250.00),
(1793,'MOTOROLA MOTO G PURE 2021','KBKA_SHOP',280.00),
(1794,'MOTOROLA MOTO G STYLUS 2021','KBKA_SHOP',400.00),
(1795,'MOTOROLA MOTO G STYLUS 5G','KBKA_SHOP',410.00),
(1796,'MOTOROLA MOTO G STYLUS 5G 2022','KBKA_SHOP',370.00),
(1797,'MOTOROLA MOTO G STYLUS 5G 2023','KBKA_SHOP',480.00),
(1798,'MOTOROLA MOTO G 5G','KBKA_SHOP',280.00),
(1799,'MOTOROLA MOTO G 5G 2022','KBKA_SHOP',270.00),
(1800,'MOTOROLA MOTO G 04','KBKA_SHOP',360.00),
(1801,'MOTOROLA MOTO G6 PLAY ORIG. /MOTO E5','KBKA_SHOP',230.00),
(1802,'MOTOROLA MOTO G7/G7 PLUS','KBKA_SHOP',290.00),
(1803,'MOTOROLA MOTO G7/G7 PLUS CALIDAD B','KBKA_SHOP',280.00),
(1804,'MOTOROLA MOTO G7 POWER','KBKA_SHOP',230.00),
(1805,'MOTOROLA MOTO G7 PLAY','KBKA_SHOP',240.00),
(1806,'MOTOROLA MOTO G8','KBKA_SHOP',250.00),
(1807,'MOTOROLA MOTO G8 PLAY/MOTO ONE MACRO','KBKA_SHOP',230.00),
(1808,'MOTOROLA MOTO G8 PLUS','KBKA_SHOP',240.00),
(1809,'MOTOROLA MOTO G8 POWER','KBKA_SHOP',330.00),
(1810,'MOTOROLA MOTO G8 POWE LITE','KBKA_SHOP',210.00),
(1811,'MOTOROLA MOTO G9 PLUS','KBKA_SHOP',330.00),
(1812,'MOTOROLA MOTO G9 PLAY/G9/E7 PLUS','KBKA_SHOP',230.00),
(1813,'MOTOROLA MOTO G9 POWER','KBKA_SHOP',240.00),
(1814,'MOTOROLA MOTO G10','KBKA_SHOP',210.00),
(1815,'MOTOROLA MOTO G13','KBKA_SHOP',250.00),
(1816,'MOTOROLA MOTO G14 / G54','KBKA_SHOP',330.00),
(1817,'MOTOROLA MOTO G20','KBKA_SHOP',230.00),
(1818,'MOTOROLA MOTO G22','KBKA_SHOP',230.00),
(1819,'MOTOROLA MOTO G23','KBKA_SHOP',280.00),
(1820,'MOTOROLA MOTO G24','KBKA_SHOP',350.00),
(1821,'MOTOROLA MOTO G30','KBKA_SHOP',210.00),
(1822,'MOTOROLA MOTO G31 /G41 /G71 4G OLED','KBKA_SHOP',560.00),
(1823,'MOTOROLA MOTO G31 /G41 /G71 4G INCELL','KBKA_SHOP',280.00),
(1824,'MOTOROLA MOTO G32','KBKA_SHOP',300.00),
(1825,'MOTOROLA MOTO G34','KBKA_SHOP',320.00),
(1826,'MOTOROLA MOTO G42 OLED','KBKA_SHOP',570.00),
(1827,'MOTOROLA MOTO G50 4G','KBKA_SHOP',240.00),
(1828,'MOTOROLA MOTO G50 5G','KBKA_SHOP',230.00),
(1829,'MOTOROLA MOTO G52 / G72 / G82 / EDGE 30 INCELL','KBKA_SHOP',300.00),
(1830,'MOTOROLA MOTO G52 / G72 / G82 / EDGE 30 OLED','KBKA_SHOP',1040.00),
(1831,'MOTOROLA MOTO G53','KBKA_SHOP',260.00),
(1832,'MOTOROLA MOTO G54 / G14','KBKA_SHOP',390.00),
(1833,'MOTOROLA MOTO G60/MOTO G60s','KBKA_SHOP',290.00),
(1834,'MOTOROLA MOTO G62 5G ORG','KBKA_SHOP',320.00),
(1835,'MOTOROLA MOTO G71 5G OLED','KBKA_SHOP',560.00),
(1836,'MOTOROLA MOTO G72 INCELL','KBKA_SHOP',300.00),
(1837,'MOTOROLA MOTO G82 INCELL','KBKA_SHOP',280.00),
(1838,'MOTOROLA MOTO G84','KBKA_SHOP',310.00),
(1839,'MOTOROLA MOTO G100','KBKA_SHOP',490.00),
(1840,'MOTOROLA MOTO G200 5G','KBKA_SHOP',400.00),
(1841,'MOTOROLA MOTO E 2020','KBKA_SHOP',260.00),
(1842,'MOTOROLA MOTO E13','KBKA_SHOP',230.00),
(1843,'MOTOROLA MOTO E20','KBKA_SHOP',230.00),
(1844,'MOTOROLA MOTO E22/E22i','KBKA_SHOP',230.00),
(1845,'MOTOROLA MOTO E32','KBKA_SHOP',230.00),
(1846,'MOTOROLA MOTO E40','KBKA_SHOP',240.00),
(1847,'MOTOROLA MOTO E5 PLUS.','KBKA_SHOP',240.00),
(1848,'MOTOROLA MOTO E6 PLUS','KBKA_SHOP',210.00),
(1849,'MOTOROLA MOTO E6 PLAY','KBKA_SHOP',210.00),
(1850,'MOTOROLA MOTO E6S','KBKA_SHOP',240.00),
(1851,'MOTOROLA MOTO E6 i','KBKA_SHOP',240.00),
(1852,'MOTOROLA MOTO E7 PLUS/G9/G9 PLAY','KBKA_SHOP',230.00),
(1853,'MOTOROLA MOTO E7/E7 POWER/E7i POWER','KBKA_SHOP',230.00),
(1854,'MOTOROLA MOTO Z PLAY OLED','KBKA_SHOP',450.00),
(1855,'MOTOROLA MOTO Z2 PLAY OLED','KBKA_SHOP',450.00),
(1856,'MOTOROLA MOTO Z3 PLAY OLED','KBKA_SHOP',660.00),
(1857,'MOTOROLA MOTO Z4 OLED/Z4 PLAY OLED/ ONE ZOOM OLED','KBKA_SHOP',510.00),
(1858,'SAMSUNG J4/J400 INCELL','KBKA_SHOP',210.00),
(1859,'SAMSUNG J4/J400 OLED','KBKA_SHOP',460.00),
(1860,'SAMSUNG J4 PLUS ORIG./J4 CORE/J6 PLUS','KBKA_SHOP',210.00),
(1861,'SAMSUNG J4 PLUS /J6 PLUS CALIDAD B','KBKA_SHOP',190.00),
(1862,'SAMSUNG J5 PRIME ORIG. /INCELL','KBKA_SHOP',200.00),
(1863,'SAMSUNG J6 INCELL','KBKA_SHOP',210.00),
(1864,'SAMSUNG J6 OLED','KBKA_SHOP',700.00),
(1865,'SAMSUNG J7 INCELL','KBKA_SHOP',210.00),
(1866,'SAMSUNG J7 OLED / J7 NEO OLED','KBKA_SHOP',450.00),
(1867,'SAMSUNG J7 PRIME CALIDAD ORIG. / INCELL','KBKA_SHOP',210.00),
(1868,'SAMSUNG J7 PRIME AMERICANO/J727','KBKA_SHOP',270.00),
(1869,'SAMSUNG J7 PRO INCELL','KBKA_SHOP',250.00),
(1870,'SAMSUNG J7 PRO OLED','KBKA_SHOP',450.00),
(1871,'SAMSUNG J8 INCELL','KBKA_SHOP',210.00),
(1872,'SAMSUNG A01 CALIDAD ORIG. (VERSION M/S)','KBKA_SHOP',200.00),
(1873,'SAMSUNG A01 CORE','KBKA_SHOP',200.00),
(1874,'SAMSUNG A02 ORIG.','KBKA_SHOP',210.00),
(1875,'SAMSUNG A02S ( USA ) ( AMERICANO )','KBKA_SHOP',220.00),
(1876,'SAMSUNG A02 S ORIG. / A02 CORE','KBKA_SHOP',200.00),
(1877,'SAMSUNG A03S','KBKA_SHOP',200.00),
(1878,'SAMSUNG A03','KBKA_SHOP',290.00),
(1879,'SAMSUNG A03 CORE','KBKA_SHOP',200.00),
(1880,'SAMSUNG A04','KBKA_SHOP',230.00),
(1881,'SAMSUNG A04E','KBKA_SHOP',210.00),
(1882,'SAMSUNG A04S','KBKA_SHOP',230.00),
(1883,'SAMSUNG A05','KBKA_SHOP',230.00),
(1884,'SAMSUNG A05S','KBKA_SHOP',350.00),
(1885,'SAMSUNG A6 PLUS OLED','KBKA_SHOP',640.00),
(1886,'SAMSUNG A7 2018 INCELL','KBKA_SHOP',250.00),
(1887,'SAMSUNG A7 2018 OLED','KBKA_SHOP',620.00),
(1888,'SAMSUNG A9 2018 OLED','KBKA_SHOP',660.00),
(1889,'SAMSUNG A10 ORIG. /M10','KBKA_SHOP',200.00),
(1890,'SAMSUNG A10S ORIG.','KBKA_SHOP',200.00),
(1891,'SAMSUNG A10E','KBKA_SHOP',240.00),
(1892,'SAMSUNG A11 ORIG.','KBKA_SHOP',240.00),
(1893,'SAMSUNG A11 ORIG. (USA)','KBKA_SHOP',240.00),
(1894,'SAMSUNG A12 ORIG.','KBKA_SHOP',210.00),
(1895,'SAMSUNG A13','KBKA_SHOP',250.00),
(1896,'SAMSUNG A13 5G','KBKA_SHOP',230.00),
(1897,'SAMSUNG A14 5G (BIG)','KBKA_SHOP',270.00),
(1898,'SAMSUNG A14 5G (SMALL)','KBKA_SHOP',270.00),
(1899,'SAMSUNG A14 4G','KBKA_SHOP',260.00),
(1900,'SAMSUNG A15 OLED','KBKA_SHOP',590.00),
(1901,'SAMSUNG A20 OLED S/M','KBKA_SHOP',480.00),
(1902,'SAMSUNG A20 INCELL','KBKA_SHOP',230.00),
(1903,'SAMSUNG A20S CALIDAD ORIG','KBKA_SHOP',230.00),
(1904,'SAMSUNG A21','KBKA_SHOP',270.00),
(1905,'SAMSUNG A21S ORIG.','KBKA_SHOP',240.00),
(1906,'SAMSUNG A21S ORIG. C/M','KBKA_SHOP',250.00),
(1907,'SAMSUNG A22 4G INCELL','KBKA_SHOP',270.00),
(1908,'SAMSUNG A22 4G OLED C/M','KBKA_SHOP',520.00),
(1909,'SAMSUNG A22 5G','KBKA_SHOP',270.00),
(1910,'SAMSUNG A23 4G ORIGINAL','KBKA_SHOP',280.00),
(1911,'SAMSUNG A23 5G ORIGINAL','KBKA_SHOP',290.00),
(1912,'SAMSUNG A24 ORIGINAL','KBKA_SHOP',1800.00),
(1913,'SAMSUNG A25 5G INCELL','KBKA_SHOP',290.00),
(1914,'SAMSUNG A25 5G OLED TIPO ORIG. C/M','KBKA_SHOP',1250.00),
(1915,'SAMSUNG A24 OLED TIPO ORIG. C/M','KBKA_SHOP',1320.00),
(1916,'SAMSUNG A30 OLED. S/M','KBKA_SHOP',480.00),
(1917,'SAMSUNG A30 INCELL','KBKA_SHOP',240.00),
(1918,'SAMSUNG A30S OLED','KBKA_SHOP',480.00),
(1919,'SAMSUNG A30S OLED C/M','KBKA_SHOP',490.00),
(1920,'SAMSUNG A31 OLED C/M','KBKA_SHOP',510.00),
(1921,'SAMSUNG A31 INCELL S/M','KBKA_SHOP',260.00),
(1922,'SAMSUNG A32 OLED C/M 4G','KBKA_SHOP',560.00),
(1923,'SAMSUNG A32 INCELL 4G','KBKA_SHOP',280.00),
(1924,'SAMSUNG A32 5G ORIG.','KBKA_SHOP',230.00),
(1925,'SAMSUNG A33 ORIGINAL C/M','KBKA_SHOP',1900.00),
(1926,'SAMSUNG A33 INCELL','KBKA_SHOP',330.00),
(1927,'SAMSUNG A33 OLED TIPO ORIG. C/M','KBKA_SHOP',600.00),
(1928,'SAMSUNG A34 OLED TIPO ORIG. C/M','KBKA_SHOP',1140.00),
(1929,'SAMSUNG A42 5G ORIG.','KBKA_SHOP',870.00),
(1930,'SAMSUNG A50 OLED. S/M','KBKA_SHOP',480.00),
(1931,'SAMSUNG A50 INCELL','KBKA_SHOP',240.00),
(1932,'SAMSUNG A51 TIPO ORIG C/M','KBKA_SHOP',580.00),
(1933,'SAMSUNG A51 OLED S/M','KBKA_SHOP',480.00),
(1934,'SAMSUNG A51 INCELL','KBKA_SHOP',280.00),
(1935,'SAMSUNG A52 ORIG C/M','KBKA_SHOP',2340.00),
(1936,'SAMSUNG A52 INCELL','KBKA_SHOP',320.00),
(1937,'SAMSUNG A52 OLED C/M TIPO ORIG.','KBKA_SHOP',700.00),
(1938,'SAMSUNG A52 OLED C/M (REDUSIDO)','KBKA_SHOP',620.00),
(1939,'SAMSUNG A52S 5G INCELL','KBKA_SHOP',300.00),
(1940,'SAMSUNG A52S 5G OLED C/M','KBKA_SHOP',700.00),
(1941,'SAMSUNG A53 ORIGINAL C/M','KBKA_SHOP',2080.00),
(1942,'SAMSUNG A53 INCELL','KBKA_SHOP',300.00),
(1943,'SAMSUNG A53 OLED C/M TIPO ORIG.','KBKA_SHOP',700.00),
(1944,'SAMSUNG A54 OLED C/M TIPO ORIG.','KBKA_SHOP',890.00),
(1945,'SAMSUNG A70 ORIG S/M','KBKA_SHOP',1430.00),
(1946,'SAMSUNG A70 OLED C/M-S/M TIPO ORIG.','KBKA_SHOP',880.00),
(1947,'SAMSUNG A70 OLED C/M (DISPLAY REDUSIDO)','KBKA_SHOP',510.00),
(1948,'SAMSUNG A70 INCELL S/M','KBKA_SHOP',300.00),
(1949,'SAMSUNG A71 ORIG S/M','KBKA_SHOP',1740.00),
(1950,'SAMSUNG A71 OLED S/M-C/M REDUCIDO','KBKA_SHOP',490.00),
(1951,'SAMSUNG A71 OLED C/M TIPO ORIGINAL','KBKA_SHOP',800.00),
(1952,'SAMSUNG A71 INCELL','KBKA_SHOP',280.00),
(1953,'SAMSUNG A72 ORIG C/M','KBKA_SHOP',2040.00),
(1954,'SAMSUNG A72 OLED C/M REDUCIDO','KBKA_SHOP',620.00),
(1955,'SAMSUNG A72 OLED C/M TIPO ORIG.','KBKA_SHOP',860.00),
(1956,'SAMSUNG A72 INCELL','KBKA_SHOP',280.00),
(1957,'SAMSUNG A80 OLED','KBKA_SHOP',1140.00),
(1958,'SAMSUNG M20','KBKA_SHOP',230.00),
(1959,'SAMSUNG M30/M31 INCELL','KBKA_SHOP',290.00),
(1960,'SAMSUNG NEW S8 OLED C/M','KBKA_SHOP',2460.00),
(1961,'SAMSUNG NEW S8 PLUS OLED C/M','KBKA_SHOP',2880.00),
(1962,'SAMSUNG NEW S9 OLED C/M','KBKA_SHOP',2470.00),
(1963,'SAMSUNG NEW S9 PLUS OLED C/M','KBKA_SHOP',2740.00),
(1964,'SAMSUNG NEW S10 OLED C/M','KBKA_SHOP',2740.00),
(1965,'SAMSUNG NEW S20 OLED C/M','KBKA_SHOP',2880.00),
(1966,'SAMSUNG NEW S20 PLUS OLED C/M','KBKA_SHOP',2880.00),
(1967,'SAMSUNG NEW S20 ULTRA OLED C/M','KBKA_SHOP',3150.00),
(1968,'SAMSUNG NEW S21 OLED C/M','KBKA_SHOP',2740.00),
(1969,'SAMSUNG NEW S21 PLUS OLED C/M','KBKA_SHOP',2740.00),
(1970,'SAMSUNG NEW S21 ULTRA OLED C/M','KBKA_SHOP',3840.00),
(1971,'SAMSUNG NEW S22 PLUS OLED C/M','KBKA_SHOP',3700.00),
(1972,'SAMSUNG NEW S22 ULTRA OLED C/M','KBKA_SHOP',4110.00),
(1973,'SAMSUNG NEW S23 PLUS OLED C/M','KBKA_SHOP',3430.00),
(1974,'SAMSUNG NEW S23 ULTRA OLED C/M','KBKA_SHOP',4520.00),
(1975,'SAMSUNG NEW NOTE 8 C/M','KBKA_SHOP',3010.00),
(1976,'SAMSUNG NEW NOTE 9 C/M','KBKA_SHOP',3010.00),
(1977,'SAMSUNG NEW NOTE 10 C/M','KBKA_SHOP',2880.00),
(1978,'SAMSUNG NEW NOTE 10 PLUS C/M','KBKA_SHOP',2470.00),
(1979,'SAMSUNG NEW NOTE 20 C/M','KBKA_SHOP',2600.00),
(1980,'SAMSUNG NEW NOTE 20 ULTRA C/M','KBKA_SHOP',4110.00),
(1981,'SAMSUNG NEW S20 FE ORIGINAL C/M','KBKA_SHOP',1420.00),
(1982,'SAMSUNG NEW S20 ULTRA ORIGINAL C/M','KBKA_SHOP',4590.00),
(1983,'SAMSUNG NEW S21 ULTRA ORIGINAL C/M','KBKA_SHOP',4590.00),
(1984,'SAMSUNG NEW S22 ULTRA ORIGINAL C/M','KBKA_SHOP',5800.00),
(1985,'SAMSUNG NEW S23 ULTRA ORIGINAL C/M','KBKA_SHOP',6500.00),
(1986,'SAMSUNG NEW S24 ULTRA ORIGINAL','KBKA_SHOP',7100.00),
(1987,'SAMSUNG NEW NOTE 20 ULTRA ORIGINAL C/M','KBKA_SHOP',6200.00),
(1988,'SAMSUNG G530 TOUCH','KBKA_SHOP',60.00),
(1989,'SAMSUNG G532 TOUCH','KBKA_SHOP',60.00),
(1990,'SAMSUNG G530/G532 LCD CALIDAD ORIG.','KBKA_SHOP',190.00),
(1991,'HUAWEI PSMART','KBKA_SHOP',260.00),
(1992,'HUAWEI PSMART 2019','KBKA_SHOP',320.00),
(1993,'HUAWEI PSMART 2019 CALIDAD B','KBKA_SHOP',290.00),
(1994,'HUAWEI P20 LITE','KBKA_SHOP',260.00),
(1995,'HUAWEI P30 LITE','KBKA_SHOP',330.00),
(1996,'HUAWEI P30 LITE CALIDAD B','KBKA_SHOP',300.00),
(1997,'HUAWEI P30 OLED S/M','KBKA_SHOP',620.00),
(1998,'HUAWEI. P30 INCELL','KBKA_SHOP',330.00),
(1999,'HUAWEI P30 PRO OLED','KBKA_SHOP',1100.00),
(2000,'HUAWEI P30 PRO INCELL','KBKA_SHOP',520.00),
(2001,'HUAWEI P40 LITE','KBKA_SHOP',320.00),
(2002,'HUAWEI MATE 10 LITE','KBKA_SHOP',200.00),
(2003,'HUAWEI MATE 20 LITE','KBKA_SHOP',270.00),
(2004,'HUAWEI MATE 20 PRO ORIG.','KBKA_SHOP',1590.00),
(2005,'HUAWEI MATE 20 ORIG.','KBKA_SHOP',550.00),
(2006,'HUAWEI Y5 2018','KBKA_SHOP',190.00),
(2007,'HUAWEI Y5 2019','KBKA_SHOP',190.00),
(2008,'HUAWEI Y5 PRIME 2020','KBKA_SHOP',190.00),
(2009,'HUAWEI Y6 2018','KBKA_SHOP',200.00),
(2010,'HUAWEI Y6 PRIME 2020','KBKA_SHOP',240.00),
(2011,'HUAWEI Y7 2018','KBKA_SHOP',200.00),
(2012,'HUAWEI Y7 2019/Y7 PRIME 2019','KBKA_SHOP',230.00),
(2013,'HUAWEI Y7 PRIME 2020','KBKA_SHOP',250.00),
(2014,'HUAWEI Y7A','KBKA_SHOP',250.00),
(2015,'HUAWEI Y8 PRIME/Y8 P 2020','KBKA_SHOP',290.00),
(2016,'HUAWEI Y9 2018','KBKA_SHOP',200.00),
(2017,'HUAWEI Y9 2019 / Y8 S ORIGINAL','KBKA_SHOP',330.00),
(2018,'HUAWEI Y9 2019 / Y8 S INCELL','KBKA_SHOP',240.00),
(2019,'HUAWEI Y9 PRIME 2019/Y9 S/HONOR 9X ORI','KBKA_SHOP',320.00),
(2020,'HUAWEI Y9 PRIME/Y9S/HONOR 9X INCELL','KBKA_SHOP',230.00),
(2021,'HUAWEI Y9S ORIG.','KBKA_SHOP',320.00),
(2022,'HUAWEI Y9S INCELL','KBKA_SHOP',230.00),
(2023,'HUAWEI Y9 A/Y9 A 2020','KBKA_SHOP',350.00),
(2024,'HUAWEI NOVA 3','KBKA_SHOP',270.00),
(2025,'HUAWEI NOVA 5T','KBKA_SHOP',340.00),
(2026,'HUAWEI NOVA 8i/HONOR 50 LITE','KBKA_SHOP',390.00),
(2027,'HUAWEI NOVA 9 SE','KBKA_SHOP',430.00),
(2028,'HUAWEI NOVA 10 SE','KBKA_SHOP',920.00),
(2029,'HUAWEI NOVA Y60','KBKA_SHOP',250.00),
(2030,'HUAWEI NOVA Y61','KBKA_SHOP',240.00),
(2031,'HUAWEI NOVA Y70','KBKA_SHOP',240.00),
(2032,'HUAWEI NOVA Y71','KBKA_SHOP',240.00),
(2033,'HUAWEI NOVA Y90','KBKA_SHOP',350.00),
(2034,'HUAWEI HONOR X5','KBKA_SHOP',250.00),
(2035,'HUAWEI HONOR X6S','KBKA_SHOP',230.00),
(2036,'HUAWEI HONOR X6A','KBKA_SHOP',290.00),
(2037,'HUAWEI HONOR X7','KBKA_SHOP',220.00),
(2038,'HUAWEI HONOR X7A','KBKA_SHOP',230.00),
(2039,'HUAWEI HONOR X7B','KBKA_SHOP',350.00),
(2040,'HUAWEI HONOR X8','KBKA_SHOP',350.00),
(2041,'HUAWEI HONOR X8A','KBKA_SHOP',340.00),
(2042,'HUAWEI HONOR X8A 5G','KBKA_SHOP',360.00),
(2043,'HUAWEI HONOR X8A 5G','KBKA_SHOP',220.00),
(2044,'HUAWEI HONOR X9','KBKA_SHOP',340.00),
(2045,'HUAWEI HONOR X9A','KBKA_SHOP',640.00),
(2046,'HUAWEI. HONOR 8X','KBKA_SHOP',340.00),
(2047,'LG Q6 PRIME C/M','KBKA_SHOP',340.00),
(2048,'LG Q60/K50','KBKA_SHOP',250.00),
(2049,'LG Q7 ALPHA','KBKA_SHOP',490.00),
(2050,'LG K10 2017/ K20 PLUS','KBKA_SHOP',260.00),
(2051,'LG K11+/K30','KBKA_SHOP',390.40),
(2052,'LG K22/K22 PLUS','KBKA_SHOP',240.00),
(2053,'LG K40','KBKA_SHOP',240.00),
(2054,'LG K40S','KBKA_SHOP',220.00),
(2055,'LG K41','KBKA_SHOP',310.00),
(2056,'LG K42/K52/K62','KBKA_SHOP',250.00),
(2057,'LG K50/Q60','KBKA_SHOP',230.00),
(2058,'LG K50S','KBKA_SHOP',250.00),
(2059,'LG K51','KBKA_SHOP',250.00),
(2060,'LG K51S','KBKA_SHOP',240.00),
(2061,'LG K61','KBKA_SHOP',300.00),
(2062,'LG STYLO 4/ Q STYLUS ALPHA/STYLO 5','KBKA_SHOP',450.00),
(2063,'LG STYLO 6/K71','KBKA_SHOP',480.00),
(2064,'ZTE L210','KBKA_SHOP',230.00),
(2065,'ZTE L220.','KBKA_SHOP',260.00),
(2066,'ZTE L8 MOD','KBKA_SHOP',200.00),
(2067,'ZTE AXON 10','KBKA_SHOP',800.00),
(2068,'ZTE AXON 20 5G','KBKA_SHOP',1100.00),
(2069,'ZTE AXON 40 LITE','KBKA_SHOP',340.00),
(2070,'ZTE AXON 50 LITE','KBKA_SHOP',310.00),
(2071,'ZTE A3 2020/A5 2019','KBKA_SHOP',230.00),
(2072,'ZTE A5 2019/A3 2020','KBKA_SHOP',250.00),
(2073,'ZTE A5 2020','KBKA_SHOP',260.00),
(2074,'ZTE. A7 2019','KBKA_SHOP',260.00),
(2075,'ZTE A7 2020','KBKA_SHOP',260.00),
(2076,'ZTE A7S 2020','KBKA_SHOP',260.00),
(2077,'ZTE A33 S','KBKA_SHOP',250.00),
(2078,'ZTE A34','KBKA_SHOP',250.00),
(2079,'ZTE A51/A71','KBKA_SHOP',230.00),
(2080,'ZTE A52','KBKA_SHOP',260.00),
(2081,'ZTE A53','KBKA_SHOP',250.00),
(2082,'ZTE A54','KBKA_SHOP',250.00),
(2083,'ZTE VSMART (VERSION 1050/2050)','KBKA_SHOP',260.00),
(2084,'ZTE V20 SMART/8010/V30 VITA','KBKA_SHOP',260.00),
(2085,'ZTE V2020','KBKA_SHOP',340.00),
(2086,'ZTE V2020 VITA','KBKA_SHOP',260.00),
(2087,'ZTE V9','KBKA_SHOP',280.00),
(2088,'ZTE V9 VITA','KBKA_SHOP',280.00),
(2089,'ZTE V10','KBKA_SHOP',380.00),
(2090,'ZTE V10 VITA','KBKA_SHOP',250.00),
(2091,'ZTE V30','KBKA_SHOP',330.00),
(2092,'ZTE V30 VITA/8010/V20 SMART','KBKA_SHOP',260.00),
(2093,'ZTE V30 LITE 5G INCELL','KBKA_SHOP',350.00),
(2094,'ZTE V40','KBKA_SHOP',320.00),
(2095,'ZTE V40 VITA','KBKA_SHOP',260.00),
(2096,'ZTE V40 SMART','KBKA_SHOP',260.00),
(2097,'ZTE V40 LITE','KBKA_SHOP',280.00),
(2098,'ZTE V41 SMART','KBKA_SHOP',270.00),
(2099,'ZTE V50 SMART','KBKA_SHOP',280.00),
(2100,'ZTE 8010/V20 SMART/V30 VITA','KBKA_SHOP',300.00),
(2101,'HISENSE E40 LITE','KBKA_SHOP',280.00),
(2102,'HISENSE E50','KBKA_SHOP',260.00),
(2103,'HISENSE E50i','KBKA_SHOP',270.00),
(2104,'HISENSE E60 LITE','KBKA_SHOP',240.00),
(2105,'HISENSE H30 LITE','KBKA_SHOP',280.00),
(2106,'HISENSE H40 LITE','KBKA_SHOP',240.00),
(2107,'HISENSE H50','KBKA_SHOP',400.00),
(2108,'HISENSE H50 LITE','KBKA_SHOP',260.00),
(2109,'HISENSE V40','KBKA_SHOP',240.00),
(2110,'HISENSE V40i','KBKA_SHOP',300.00),
(2111,'HISENSE V50','KBKA_SHOP',280.00),
(2112,'HISENSE V50i','KBKA_SHOP',270.00),
(2113,'HISENSE U50 4G','KBKA_SHOP',300.00),
(2114,'XIAOMI REDMI A1','KBKA_SHOP',220.00),
(2115,'XIAOMI REDMI A2','KBKA_SHOP',220.00),
(2116,'XIAOMI REDMI A3','KBKA_SHOP',260.00),
(2117,'XIAOMI REDMI 5 PLUS','KBKA_SHOP',350.00),
(2118,'XIAOMI REDMI 7','KBKA_SHOP',310.00),
(2119,'XIAOMI REDMI 9','KBKA_SHOP',240.00),
(2120,'XIAOMI REDMI 9A/9C','KBKA_SHOP',210.00),
(2121,'XIAOMI REDMI 10C/10a','KBKA_SHOP',230.00),
(2122,'XIAOMI REDMI 9T/POCO M3','KBKA_SHOP',250.00),
(2123,'XIAOMI REDMI 10','KBKA_SHOP',260.00),
(2124,'XIAOMI REDMI 12','KBKA_SHOP',290.00),
(2125,'XIAOMI REDMI 12C','KBKA_SHOP',240.00),
(2126,'XIAOMI REDMI NOTE 5','KBKA_SHOP',400.00),
(2127,'XIAOMI REDMI NOTE 6/NOTE 6 PRO','KBKA_SHOP',620.00),
(2128,'XIAOMI REDMI NOTE 7/NOTE 7 PRO','KBKA_SHOP',230.00),
(2129,'XIAOMI REDMI NOTE 8','KBKA_SHOP',250.00),
(2130,'XIAOMI REDMI NOTE 8 PRO','KBKA_SHOP',400.00),
(2131,'XIAOMI REDMI NOTE 9','KBKA_SHOP',240.00),
(2132,'XIAOMI REDMI NOTE 9S/REDMI NOTE 9 PRO','KBKA_SHOP',230.00),
(2133,'XIAOMI REDMI NOTE 10 5G','KBKA_SHOP',260.00),
(2134,'XIAOMI REDMI NOTE 10 PRO INCELL','KBKA_SHOP',280.00),
(2135,'XIAOMI REDMI NOTE 10 PRO OLED','KBKA_SHOP',730.00),
(2136,'XIAOMI REDMI NOTE 10S/NOTE 10 4G OLED','KBKA_SHOP',550.00),
(2137,'XIAOMI REDMI NOTE 10S/NOTE 10 4G INCELL','KBKA_SHOP',240.00),
(2138,'XIAOMI REDMI NOTE 11 4G / M4 PRO 4G/NOTE 11S 4G INCELL','KBKA_SHOP',280.00),
(2139,'XIAOMI REDMI NOTE 11 4G / M4 PRO 4G/NOTE 11S 4G OLED','KBKA_SHOP',590.00),
(2140,'XIAOMI REDMI NOTE 11 PRO 5G INCELL/M4 PRO 5G','KBKA_SHOP',280.00),
(2141,'XIAOMI REDMI NOTE 11E 5G','KBKA_SHOP',300.00),
(2142,'XIAOMI REDMI NOTE 12 INCELL','KBKA_SHOP',270.00),
(2143,'XIAOMI REDMI NOTE 12 OLED','KBKA_SHOP',750.00),
(2144,'XIAOMI REDMI NOTE 12 PRO 5G INCELL','KBKA_SHOP',300.00),
(2145,'XIAOMI REDMI NOTE 13 5G INCELL','KBKA_SHOP',300.00),
(2146,'XIAOMI REDMI NOTE 13 5G ORIGINAL','KBKA_SHOP',640.00),
(2147,'XIAOMI REDMI S2','KBKA_SHOP',300.00),
(2148,'XIAOMI MI A1','KBKA_SHOP',310.00),
(2149,'XIAOMI MI 9T OLED','KBKA_SHOP',780.00),
(2150,'XIAOMI MI 10T','KBKA_SHOP',350.00),
(2151,'XIAOMI MI 11T INCELL','KBKA_SHOP',350.00),
(2152,'XIAOMI MI 11 LITE','KBKA_SHOP',800.00),
(2153,'XIAOMI MI 11 LITE INCELL','KBKA_SHOP',350.00),
(2154,'XIAOMI POCO X3/X3 PRO','KBKA_SHOP',360.00),
(2155,'XIAOMI POCO X3 GT','KBKA_SHOP',280.00),
(2156,'XIAOMI POCO X4 PRO OLED','KBKA_SHOP',780.00),
(2157,'XIAOMI POCO X4 PRO INCELL','KBKA_SHOP',280.00),
(2158,'XIAOMI POCO X4 PRO 5G INCELL','KBKA_SHOP',290.00),
(2159,'XIOAMI POCO X4 PRO 5G OLED','KBKA_SHOP',720.00),
(2160,'XIAOMI POCO X5 PRO 5G INCELL','KBKA_SHOP',300.00),
(2161,'XIAOMI POCO M3/REDMI 9T','KBKA_SHOP',240.00),
(2162,'XIAOMI POCO M3 PRO 5G','KBKA_SHOP',300.00),
(2163,'XIAOMI POCO M4 PRO OLED','KBKA_SHOP',600.00),
(2164,'XIAOMI POCO M5 PRO','KBKA_SHOP',340.00),
(2165,'XIAOMI POCO M5 S OLED','KBKA_SHOP',550.00),
(2166,'XIAOMI POCO F3','KBKA_SHOP',290.00),
(2167,'OPPO A12','KBKA_SHOP',210.00),
(2168,'OPPO A15','KBKA_SHOP',230.00),
(2169,'OPPO A16','KBKA_SHOP',210.00),
(2170,'OPPO A17','KBKA_SHOP',240.00),
(2171,'OPPO A31','KBKA_SHOP',230.00),
(2172,'OPPO A32','KBKA_SHOP',330.00),
(2173,'OPPO A38','KBKA_SHOP',220.00),
(2174,'OPPO A52','KBKA_SHOP',240.00),
(2175,'OPPO A53','KBKA_SHOP',240.00),
(2176,'OPPO A54','KBKA_SHOP',240.00),
(2177,'OPPO A57','KBKA_SHOP',220.00),
(2178,'OPPO A58','KBKA_SHOP',230.00),
(2179,'OPPO A72','KBKA_SHOP',240.00),
(2180,'OPPO A78 4G OLED','KBKA_SHOP',800.00),
(2181,'OPPO A78 4G INCELL','KBKA_SHOP',290.00),
(2182,'OPPO A83','KBKA_SHOP',230.00),
(2183,'OPPO A93 4G INCELL','KBKA_SHOP',290.00),
(2184,'OPPO A93 4G OLED','KBKA_SHOP',1370.00),
(2185,'OPPO A93 5G','KBKA_SHOP',330.00),
(2186,'OPPO RENO 5 LITE INCELL','KBKA_SHOP',250.00),
(2187,'OPPO RENO 5 LITE OLED','KBKA_SHOP',760.00),
(2188,'OPPO RENO 6 5G INCELL','KBKA_SHOP',300.00),
(2189,'OPPO RENO 6 LITE INCELL','KBKA_SHOP',250.00),
(2190,'OPPO RENO 7 4G INCELL','KBKA_SHOP',290.00),
(2191,'OPPO RENO 7 4G OLED','KBKA_SHOP',860.00),
(2192,'OPPO RENO 10 5G ORIGINAL','KBKA_SHOP',1140.00),
(2193,'REALME K40 GAMING INCELL','KBKA_SHOP',520.00),
(2194,'REALME 7','KBKA_SHOP',260.00),
(2195,'REALME 7 PRO','KBKA_SHOP',250.00),
(2196,'REALME 9 INCELL','KBKA_SHOP',300.00),
(2197,'REALME 9i','KBKA_SHOP',310.00),
(2198,'REALME 9 PRO ORG.','KBKA_SHOP',330.00),
(2199,'REALME 10 PRO','KBKA_SHOP',280.00),
(2200,'REALME 10 4G INCELL','KBKA_SHOP',280.00),
(2201,'REALME 10 4G OLED','KBKA_SHOP',850.00),
(2202,'REALME 11 5G','KBKA_SHOP',300.00),
(2203,'REALME C11','KBKA_SHOP',210.00),
(2204,'REALME C11 2021','KBKA_SHOP',230.00),
(2205,'REALME C15','KBKA_SHOP',230.00),
(2206,'REALME C21','KBKA_SHOP',230.00),
(2207,'REALME C35','KBKA_SHOP',220.00),
(2208,'REALME C53','KBKA_SHOP',220.00),
(2209,'REALME C55','KBKA_SHOP',270.00),
(2210,'TCL 10L','KBKA_SHOP',360.00),
(2211,'TCL 10 SE','KBKA_SHOP',250.00),
(2212,'TCL 20 SE','KBKA_SHOP',290.00),
(2213,'TCL 20 E','KBKA_SHOP',250.00),
(2214,'TCL 30 SE','KBKA_SHOP',250.00),
(2215,'VIVO V20','KBKA_SHOP',250.00),
(2216,'VIVO V21 5G INCELL','KBKA_SHOP',290.00),
(2217,'VIVO V23 5G INCELL','KBKA_SHOP',340.00),
(2218,'VIVO V25 E INCELL','KBKA_SHOP',300.00),
(2219,'VIVO Y01','KBKA_SHOP',210.00),
(2220,'VIVO Y11S','KBKA_SHOP',210.00),
(2221,'VIVO Y15S','KBKA_SHOP',210.00),
(2222,'VIVO Y17S','KBKA_SHOP',210.00),
(2223,'VIVO Y20','KBKA_SHOP',210.00),
(2224,'VIVO Y21','KBKA_SHOP',200.00),
(2225,'VIVO Y22','KBKA_SHOP',250.00),
(2226,'VIVO Y22 S','KBKA_SHOP',240.00),
(2227,'VIVO Y30','KBKA_SHOP',310.00),
(2228,'VIVO Y33/Y53S','KBKA_SHOP',260.00),
(2229,'VIVO Y33S','KBKA_SHOP',380.00),
(2230,'VIVO Y35','KBKA_SHOP',250.00),
(2231,'VIVO Y36 5G','KBKA_SHOP',340.00),
(2232,'VIVO Y51S','KBKA_SHOP',300.00),
(2233,'ONE PLUS NORD N10','KBKA_SHOP',350.00),
(2234,'ONE PLUS NORD N100','KBKA_SHOP',240.00),
(2235,'ONE PLUS NORD N200','KBKA_SHOP',290.00);
/*!40000 ALTER TABLE `producto` ENABLE KEYS */;
UNLOCK TABLES;

--
-- Table structure for table `usuario`
--

DROP TABLE IF EXISTS `usuario`;
/*!40101 SET @saved_cs_client     = @@character_set_client */;
/*!40101 SET character_set_client = utf8 */;
CREATE TABLE `usuario` (
  `ID` int(10) unsigned NOT NULL AUTO_INCREMENT,
  `Nombre_Usuario` varchar(255) NOT NULL,
  `Contrase├▒a` varchar(255) NOT NULL,
  `Nombre` varchar(255) NOT NULL,
  `Foto` varchar(255) NOT NULL DEFAULT 'default_user.jpg',
  PRIMARY KEY (`ID`)
) ENGINE=InnoDB AUTO_INCREMENT=3 DEFAULT CHARSET=latin1 COLLATE=latin1_swedish_ci;
/*!40101 SET character_set_client = @saved_cs_client */;

--
-- Dumping data for table `usuario`
--

LOCK TABLES `usuario` WRITE;
/*!40000 ALTER TABLE `usuario` DISABLE KEYS */;
INSERT INTO `usuario` VALUES
(1,'Thornsito','abd530cb34ce0d2ba784d654b765c0c6','Abraham Maga├▒a Hern├índez','default_user.jpg'),
(2,'Parkersillo','f0db0f406071da2e7928929b3b78ff35','Pedro Maga├▒a Hern├índez','default_user.jpg');
/*!40000 ALTER TABLE `usuario` ENABLE KEYS */;
UNLOCK TABLES;
/*!40103 SET TIME_ZONE=@OLD_TIME_ZONE */;

/*!40101 SET SQL_MODE=@OLD_SQL_MODE */;
/*!40014 SET FOREIGN_KEY_CHECKS=@OLD_FOREIGN_KEY_CHECKS */;
/*!40014 SET UNIQUE_CHECKS=@OLD_UNIQUE_CHECKS */;
/*!40101 SET CHARACTER_SET_CLIENT=@OLD_CHARACTER_SET_CLIENT */;
/*!40101 SET CHARACTER_SET_RESULTS=@OLD_CHARACTER_SET_RESULTS */;
/*!40101 SET COLLATION_CONNECTION=@OLD_COLLATION_CONNECTION */;
/*M!100616 SET NOTE_VERBOSITY=@OLD_NOTE_VERBOSITY */;

-- Dump completed on 2024-08-07 19:14:21
